source_ref,is_duplicate_row,duplicate_of,institution,host,url,claimed_responsibility,declared_degree_scope,current_state,proposed_decision,page_evidence_available,access_class,field_kinds_produced,verifiable_from_page_content,question
S0236,False,,australian national university (anu),programsandcourses.anu.edu.au,https://programsandcourses.anu.edu.au/,PROGRAM_CATALOG,,PENDING,NEEDS_REVIEW,True,BODY_EVIDENCE,{},True,Is this page authoritative for PROGRAM_CATALOG?
S0242,True,S0236,australian national university (anu),programsandcourses.anu.edu.au,https://programsandcourses.anu.edu.au/,UNCLASSIFIED,,PENDING,NEEDS_REVIEW,True,BODY_EVIDENCE,{},True,Is this page authoritative for UNCLASSIFIED?
S0232,False,,australian national university (anu),www.anu.edu.au,https://www.anu.edu.au/,UNIVERSITY_HOME,,PENDING,NEEDS_REVIEW,True,BODY_EVIDENCE,{},True,Is this page authoritative for UNIVERSITY_HOME?
S0241,False,,australian national university (anu),www.anu.edu.au,https://www.anu.edu.au/directories/academic-calendar,ACADEMIC_CALENDAR,,PENDING,NEEDS_REVIEW,False,DEAD_NOT_FOUND,{},False,Is this page authoritative for ACADEMIC_CALENDAR?
S0239,False,,australian national university (anu),www.anu.edu.au,https://www.anu.edu.au/students/program-administration/costs-fees,TUITION_FEES,,PENDING,NEEDS_REVIEW,True,BODY_EVIDENCE,{},True,Is this page authoritative for TUITION_FEES?
S0240,False,,australian national university (anu),www.anu.edu.au,https://www.anu.edu.au/study/apply,APPLICATION_DEADLINES,,PENDING,NEEDS_REVIEW,True,BODY_EVIDENCE,{},True,Is this page authoritative for APPLICATION_DEADLINES?
S0234,False,,australian national university (anu),www.anu.edu.au,https://www.anu.edu.au/study/apply/domestic-applications-anu-postgraduate,POSTGRADUATE_ADMISSIONS,TAUGHT_POSTGRADUATE,PENDING,NEEDS_REVIEW,False,DEAD_NOT_FOUND,{},False,Is this page authoritative for POSTGRADUATE_ADMISSIONS?
S0233,False,,australian national university (anu),www.anu.edu.au,https://www.anu.edu.au/study/apply/domestic-applications-anu-undergraduate,UNDERGRADUATE_ADMISSIONS,UNDERGRADUATE,PENDING,NEEDS_REVIEW,True,BODY_EVIDENCE,"{""ADMISSION_REQUIREMENT"": 4, ""APPLICATION_DEADLINE"": 1}",True,Is this page authoritative for UNDERGRADUATE_ADMISSIONS?
S0238,False,,australian national university (anu),www.anu.edu.au,https://www.anu.edu.au/study/apply/english-language-requirements,LANGUAGE_REQUIREMENTS,,PENDING,NEEDS_REVIEW,True,BODY_EVIDENCE,"{""LANGUAGE_TEST"": 3}",True,Is this page authoritative for LANGUAGE_REQUIREMENTS?
S0237,False,,australian national university (anu),www.anu.edu.au,https://www.anu.edu.au/study/apply/entry-requirements,ENTRY_REQUIREMENTS,,PENDING,NEEDS_REVIEW,False,DEAD_NOT_FOUND,{},False,Is this page authoritative for ENTRY_REQUIREMENTS?
S0235,False,,australian national university (anu),www.anu.edu.au,https://www.anu.edu.au/study/apply/research-applications,PHD_ADMISSIONS,RESEARCH_POSTGRADUATE,PENDING,NEEDS_REVIEW,False,DEAD_NOT_FOUND,{},False,Is this page authoritative for PHD_ADMISSIONS?
S0060,False,,california institute of technology (caltech),catalog.caltech.edu,https://catalog.caltech.edu/current/,PROGRAM_CATALOG,,PENDING,NEEDS_REVIEW,True,BODY_EVIDENCE,"{""DEGREE_LEVEL"": 1, ""PROGRAM_NAME"": 1}",True,Is this page authoritative for PROGRAM_CATALOG?
S0066,True,S0060,california institute of technology (caltech),catalog.caltech.edu,https://catalog.caltech.edu/current/,UNCLASSIFIED,,PENDING,NEEDS_REVIEW,True,BODY_EVIDENCE,{},True,Is this page authoritative for UNCLASSIFIED?
S0063,False,,california institute of technology (caltech),finaid.caltech.edu,https://finaid.caltech.edu/current-students/undergraduate-costs,TUITION_FEES,,PENDING,NEEDS_REVIEW,False,TLS_FAILURE,{},False,Is this page authoritative for TUITION_FEES?
S0058,False,,california institute of technology (caltech),gradoffice.caltech.edu,https://gradoffice.caltech.edu/admissions,POSTGRADUATE_ADMISSIONS,TAUGHT_POSTGRADUATE,PENDING,NEEDS_REVIEW,True,BODY_EVIDENCE,"{""ADMISSION_REQUIREMENT"": 6, ""APPLICATION_DEADLINE"": 1}",True,Is this page authoritative for POSTGRADUATE_ADMISSIONS?
S0059,True,S0058,california institute of technology (caltech),gradoffice.caltech.edu,https://gradoffice.caltech.edu/admissions,PHD_ADMISSIONS,RESEARCH_POSTGRADUATE,PENDING,NEEDS_REVIEW,True,BODY_EVIDENCE,{},True,Is this page authoritative for PHD_ADMISSIONS?
S0062,False,,california institute of technology (caltech),gradoffice.caltech.edu,https://gradoffice.caltech.edu/admissions/requirements,LANGUAGE_REQUIREMENTS,,PENDING,NEEDS_REVIEW,False,DEAD_NOT_FOUND,{},False,Is this page authoritative for LANGUAGE_REQUIREMENTS?
S0065,False,,california institute of technology (caltech),registrar.caltech.edu,https://registrar.caltech.edu/documents/25766/AcademicCalendar2026-27.pdf,ACADEMIC_CALENDAR,,PENDING,NEEDS_REVIEW,True,BODY_EVIDENCE,"{""ACADEMIC_CALENDAR_EVENT"": 74}",True,Is this page authoritative for ACADEMIC_CALENDAR?
S0057,False,,california institute of technology (caltech),www.admissions.caltech.edu,https://www.admissions.caltech.edu/,UNDERGRADUATE_ADMISSIONS,UNDERGRADUATE,PENDING,NEEDS_REVIEW,True,BODY_EVIDENCE,{},True,Is this page authoritative for UNDERGRADUATE_ADMISSIONS?
S0061,False,,california institute of technology (caltech),www.admissions.caltech.edu,https://www.admissions.caltech.edu/apply/first-year-applicants,ENTRY_REQUIREMENTS,,PENDING,NEEDS_REVIEW,True,BODY_EVIDENCE,{},True,Is this page authoritative for ENTRY_REQUIREMENTS?
S0064,False,,california institute of technology (caltech),www.admissions.caltech.edu,https://www.admissions.caltech.edu/apply/first-year-applicants/deadlines,APPLICATION_DEADLINES,,PENDING,NEEDS_REVIEW,True,BODY_EVIDENCE,"{""APPLICATION_DEADLINE"": 17}",True,Is this page authoritative for APPLICATION_DEADLINES?
S0056,False,,california institute of technology (caltech),www.caltech.edu,https://www.caltech.edu/,UNIVERSITY_HOME,,PENDING,NEEDS_REVIEW,True,BODY_EVIDENCE,{},True,Is this page authoritative for UNIVERSITY_HOME?
S0335,False,,columbia university,bulletin.columbia.edu,https://bulletin.columbia.edu/,PROGRAM_CATALOG,,PENDING,NEEDS_REVIEW,True,BODY_EVIDENCE,{},True,Is this page authoritative for PROGRAM_CATALOG?
S0340,False,,columbia university,registrar.columbia.edu,https://registrar.columbia.edu/content/academic-calendar,ACADEMIC_CALENDAR,,PENDING,NEEDS_REVIEW,False,BLOCKED,{},False,Is this page authoritative for ACADEMIC_CALENDAR?
S0332,False,,columbia university,undergrad.admissions.columbia.edu,https://undergrad.admissions.columbia.edu/,UNDERGRADUATE_ADMISSIONS,UNDERGRADUATE,PENDING,NEEDS_REVIEW,False,BLOCKED,{},False,Is this page authoritative for UNDERGRADUATE_ADMISSIONS?
S0338,False,,columbia university,undergrad.admissions.columbia.edu,https://undergrad.admissions.columbia.edu/affordability,TUITION_FEES,,PENDING,NEEDS_REVIEW,False,BLOCKED,{},False,Is this page authoritative for TUITION_FEES?
S0336,False,,columbia university,undergrad.admissions.columbia.edu,https://undergrad.admissions.columbia.edu/apply,ENTRY_REQUIREMENTS,,PENDING,NEEDS_REVIEW,False,BLOCKED,{},False,Is this page authoritative for ENTRY_REQUIREMENTS?
S0339,True,S0336,columbia university,undergrad.admissions.columbia.edu,https://undergrad.admissions.columbia.edu/apply,APPLICATION_DEADLINES,,PENDING,NEEDS_REVIEW,False,BLOCKED,{},False,Is this page authoritative for APPLICATION_DEADLINES?
S0331,False,,columbia university,www.columbia.edu,https://www.columbia.edu/,UNIVERSITY_HOME,,PENDING,NEEDS_REVIEW,False,BLOCKED,{},False,Is this page authoritative for UNIVERSITY_HOME?
S0333,False,,columbia university,www.gs.columbia.edu,https://www.gs.columbia.edu/content/graduate-admissions,POSTGRADUATE_ADMISSIONS,TAUGHT_POSTGRADUATE,PENDING,NEEDS_REVIEW,False,BLOCKED,{},False,Is this page authoritative for POSTGRADUATE_ADMISSIONS?
S0334,False,,columbia university,www.gsas.columbia.edu,https://www.gsas.columbia.edu/content/admissions,PHD_ADMISSIONS,RESEARCH_POSTGRADUATE,PENDING,NEEDS_REVIEW,False,BLOCKED,{},False,Is this page authoritative for PHD_ADMISSIONS?
S0341,True,S0334,columbia university,www.gsas.columbia.edu,https://www.gsas.columbia.edu/content/admissions,UNCLASSIFIED,,PENDING,NEEDS_REVIEW,False,BLOCKED,{},False,Is this page authoritative for UNCLASSIFIED?
S0337,False,,columbia university,www.gsas.columbia.edu,https://www.gsas.columbia.edu/content/international-students,LANGUAGE_REQUIREMENTS,,PENDING,NEEDS_REVIEW,False,BLOCKED,{},False,Is this page authoritative for LANGUAGE_REQUIREMENTS?
S0123,False,,cornell university,admissions.cornell.edu,https://admissions.cornell.edu/,UNDERGRADUATE_ADMISSIONS,UNDERGRADUATE,PENDING,NEEDS_REVIEW,True,BODY_EVIDENCE,"{""ADMISSION_REQUIREMENT"": 28}",True,Is this page authoritative for UNDERGRADUATE_ADMISSIONS?
S0127,False,,cornell university,admissions.cornell.edu,https://admissions.cornell.edu/apply/first-year-applicants,ENTRY_REQUIREMENTS,,PENDING,NEEDS_REVIEW,True,BODY_EVIDENCE,{},True,Is this page authoritative for ENTRY_REQUIREMENTS?
S0130,True,S0127,cornell university,admissions.cornell.edu,https://admissions.cornell.edu/apply/first-year-applicants,APPLICATION_DEADLINES,,PENDING,NEEDS_REVIEW,True,BODY_EVIDENCE,{},True,Is this page authoritative for APPLICATION_DEADLINES?
S0126,False,,cornell university,courses.cornell.edu,https://courses.cornell.edu/,PROGRAM_CATALOG,,PENDING,NEEDS_REVIEW,False,OTHER_HTTP,{},False,Is this page authoritative for PROGRAM_CATALOG?
S0129,False,,cornell university,finaid.cornell.edu,https://finaid.cornell.edu/cost-to-attend,TUITION_FEES,,PENDING,NEEDS_REVIEW,True,BODY_EVIDENCE,"{""TUITION"": 1}",True,Is this page authoritative for TUITION_FEES?
S0124,False,,cornell university,gradschool.cornell.edu,https://gradschool.cornell.edu/admissions/,POSTGRADUATE_ADMISSIONS,TAUGHT_POSTGRADUATE,PENDING,NEEDS_REVIEW,False,BLOCKED,{},False,Is this page authoritative for POSTGRADUATE_ADMISSIONS?
S0125,True,S0124,cornell university,gradschool.cornell.edu,https://gradschool.cornell.edu/admissions/,PHD_ADMISSIONS,RESEARCH_POSTGRADUATE,PENDING,NEEDS_REVIEW,False,BLOCKED,{},False,Is this page authoritative for PHD_ADMISSIONS?
S0132,True,S0124,cornell university,gradschool.cornell.edu,https://gradschool.cornell.edu/admissions/,UNCLASSIFIED,,PENDING,NEEDS_REVIEW,False,BLOCKED,{},False,Is this page authoritative for UNCLASSIFIED?
S0128,False,,cornell university,gradschool.cornell.edu,https://gradschool.cornell.edu/admissions/requirements/,LANGUAGE_REQUIREMENTS,,PENDING,NEEDS_REVIEW,False,BLOCKED,{},False,Is this page authoritative for LANGUAGE_REQUIREMENTS?
S0131,False,,cornell university,registrar.cornell.edu,https://registrar.cornell.edu/academic-calendar,ACADEMIC_CALENDAR,,PENDING,NEEDS_REVIEW,True,BODY_EVIDENCE,"{""ACADEMIC_CALENDAR_EVENT"": 158}",True,Is this page authoritative for ACADEMIC_CALENDAR?
S0122,False,,cornell university,www.cornell.edu,https://www.cornell.edu/,UNIVERSITY_HOME,,PENDING,NEEDS_REVIEW,True,BODY_EVIDENCE,{},True,Is this page authoritative for UNIVERSITY_HOME?
S0038,False,,harvard university,catalog.my.harvard.edu,https://catalog.my.harvard.edu/,PROGRAM_CATALOG,,PENDING,NEEDS_REVIEW,False,DEAD_HOST,{},False,Is this page authoritative for PROGRAM_CATALOG?
S0035,False,,harvard university,college.harvard.edu,https://college.harvard.edu/admissions,UNDERGRADUATE_ADMISSIONS,UNDERGRADUATE,PENDING,NEEDS_REVIEW,True,BODY_EVIDENCE,"{""ADMISSION_REQUIREMENT"": 37, ""APPLICATION_DEADLINE"": 2, ""LANGUAGE_TEST"": 3}",True,Is this page authoritative for UNDERGRADUATE_ADMISSIONS?
S0039,False,,harvard university,college.harvard.edu,https://college.harvard.edu/admissions/apply/first-year-applicants,ENTRY_REQUIREMENTS,,PENDING,NEEDS_REVIEW,True,BODY_EVIDENCE,"{""ADMISSION_REQUIREMENT"": 21}",True,Is this page authoritative for ENTRY_REQUIREMENTS?
S0042,True,S0039,harvard university,college.harvard.edu,https://college.harvard.edu/admissions/apply/first-year-applicants,APPLICATION_DEADLINES,,PENDING,NEEDS_REVIEW,True,BODY_EVIDENCE,"{""APPLICATION_DEADLINE"": 7}",True,Is this page authoritative for APPLICATION_DEADLINES?
S0041,False,,harvard university,college.harvard.edu,https://college.harvard.edu/financial-aid/how-aid-works/cost-attendance,TUITION_FEES,,PENDING,NEEDS_REVIEW,True,BODY_EVIDENCE,"{""TUITION"": 4}",True,Is this page authoritative for TUITION_FEES?
S0036,False,,harvard university,gsas.harvard.edu,https://gsas.harvard.edu/admissions,POSTGRADUATE_ADMISSIONS,TAUGHT_POSTGRADUATE,PENDING,NEEDS_REVIEW,True,BODY_EVIDENCE,"{""ADMISSION_REQUIREMENT"": 4, ""LANGUAGE_TEST"": 2}",True,Is this page authoritative for POSTGRADUATE_ADMISSIONS?
S0037,True,S0036,harvard university,gsas.harvard.edu,https://gsas.harvard.edu/admissions,PHD_ADMISSIONS,RESEARCH_POSTGRADUATE,PENDING,NEEDS_REVIEW,True,BODY_EVIDENCE,{},True,Is this page authoritative for PHD_ADMISSIONS?
S0044,True,S0036,harvard university,gsas.harvard.edu,https://gsas.harvard.edu/admissions,UNCLASSIFIED,,PENDING,NEEDS_REVIEW,True,BODY_EVIDENCE,{},True,Is this page authoritative for UNCLASSIFIED?
S0040,False,,harvard university,gsas.harvard.edu,https://gsas.harvard.edu/admissions/apply/english-language-proficiency,LANGUAGE_REQUIREMENTS,,PENDING,NEEDS_REVIEW,False,DEAD_NOT_FOUND,{},False,Is this page authoritative for LANGUAGE_REQUIREMENTS?
S0043,False,,harvard university,registrar.fas.harvard.edu,https://registrar.fas.harvard.edu/academic-calendar,ACADEMIC_CALENDAR,,PENDING,NEEDS_REVIEW,False,BLOCKED,{},False,Is this page authoritative for ACADEMIC_CALENDAR?
S0034,False,,harvard university,www.harvard.edu,https://www.harvard.edu/,UNIVERSITY_HOME,,PENDING,NEEDS_REVIEW,True,BODY_EVIDENCE,{},True,Is this page authoritative for UNIVERSITY_HOME?
S0001,False,,imperial college london,www.imperial.ac.uk,https://www.imperial.ac.uk/,UNIVERSITY_HOME,,PENDING,NEEDS_REVIEW,True,BODY_EVIDENCE,{},True,Is this page authoritative for UNIVERSITY_HOME?
S0010,False,,imperial college london,www.imperial.ac.uk,https://www.imperial.ac.uk/registry/about/academic-year/,ACADEMIC_CALENDAR,,PENDING,NEEDS_REVIEW,True,BODY_EVIDENCE,{},True,Is this page authoritative for ACADEMIC_CALENDAR?
S0008,False,,imperial college london,www.imperial.ac.uk,https://www.imperial.ac.uk/students/finance/tuition-fees/,TUITION_FEES,,PENDING,NEEDS_REVIEW,False,DEAD_NOT_FOUND,{},False,Is this page authoritative for TUITION_FEES?
S0009,False,,imperial college london,www.imperial.ac.uk,https://www.imperial.ac.uk/study/apply/,APPLICATION_DEADLINES,,PENDING,NEEDS_REVIEW,True,BODY_EVIDENCE,"{""APPLICATION_DEADLINE"": 1}",True,Is this page authoritative for APPLICATION_DEADLINES?
S0007,False,,imperial college london,www.imperial.ac.uk,https://www.imperial.ac.uk/study/apply/english-language-requirements/,LANGUAGE_REQUIREMENTS,,PENDING,NEEDS_REVIEW,False,DEAD_NOT_FOUND,{},False,Is this page authoritative for LANGUAGE_REQUIREMENTS?
S0004,False,,imperial college london,www.imperial.ac.uk,https://www.imperial.ac.uk/study/apply/postgraduate-doctoral/,PHD_ADMISSIONS,RESEARCH_POSTGRADUATE,PENDING,NEEDS_REVIEW,True,BODY_EVIDENCE,"{""ADMISSION_REQUIREMENT"": 1, ""APPLICATION_DEADLINE"": 1}",True,Is this page authoritative for PHD_ADMISSIONS?
S0003,False,,imperial college london,www.imperial.ac.uk,https://www.imperial.ac.uk/study/apply/postgraduate-taught/,POSTGRADUATE_ADMISSIONS,TAUGHT_POSTGRADUATE,PENDING,NEEDS_REVIEW,True,BODY_EVIDENCE,"{""ADMISSION_REQUIREMENT"": 1, ""APPLICATION_DEADLINE"": 1}",True,Is this page authoritative for POSTGRADUATE_ADMISSIONS?
S0002,False,,imperial college london,www.imperial.ac.uk,https://www.imperial.ac.uk/study/apply/undergraduate/,UNDERGRADUATE_ADMISSIONS,UNDERGRADUATE,PENDING,NEEDS_REVIEW,True,BODY_EVIDENCE,"{""ADMISSION_REQUIREMENT"": 2, ""APPLICATION_DEADLINE"": 3}",True,Is this page authoritative for UNDERGRADUATE_ADMISSIONS?
S0006,False,,imperial college london,www.imperial.ac.uk,https://www.imperial.ac.uk/study/apply/undergraduate/process/entry-requirements/,ENTRY_REQUIREMENTS,,PENDING,NEEDS_REVIEW,True,BODY_EVIDENCE,"{""ADMISSION_REQUIREMENT"": 16}",True,Is this page authoritative for ENTRY_REQUIREMENTS?
S0005,False,,imperial college london,www.imperial.ac.uk,https://www.imperial.ac.uk/study/courses/,PROGRAM_CATALOG,,PENDING,NEEDS_REVIEW,True,BODY_EVIDENCE,"{""DEGREE_LEVEL"": 11, ""DISCIPLINE_HINT"": 5, ""PROGRAM_NAME"": 11}",True,Is this page authoritative for PROGRAM_CATALOG?
S0011,False,,imperial college london,www.imperial.ac.uk,https://www.imperial.ac.uk/study/ug/,UNCLASSIFIED,,PENDING,NEEDS_REVIEW,True,BODY_EVIDENCE,{},True,Is this page authoritative for UNCLASSIFIED?
S0168,False,,johns hopkins university,advanced.jhu.edu,https://advanced.jhu.edu/admissions-aid/,POSTGRADUATE_ADMISSIONS,TAUGHT_POSTGRADUATE,PENDING,NEEDS_REVIEW,False,BLOCKED,{},False,Is this page authoritative for POSTGRADUATE_ADMISSIONS?
S0167,False,,johns hopkins university,apply.jhu.edu,https://apply.jhu.edu/,UNDERGRADUATE_ADMISSIONS,UNDERGRADUATE,PENDING,NEEDS_REVIEW,True,BODY_EVIDENCE,{},True,Is this page authoritative for UNDERGRADUATE_ADMISSIONS?
S0171,False,,johns hopkins university,apply.jhu.edu,https://apply.jhu.edu/how-to-apply/,ENTRY_REQUIREMENTS,,PENDING,NEEDS_REVIEW,True,BODY_EVIDENCE,"{""ADMISSION_REQUIREMENT"": 5}",True,Is this page authoritative for ENTRY_REQUIREMENTS?
S0174,True,S0171,johns hopkins university,apply.jhu.edu,https://apply.jhu.edu/how-to-apply/,APPLICATION_DEADLINES,,PENDING,NEEDS_REVIEW,True,BODY_EVIDENCE,{},True,Is this page authoritative for APPLICATION_DEADLINES?
S0172,False,,johns hopkins university,apply.jhu.edu,https://apply.jhu.edu/how-to-apply/international-applicants/,LANGUAGE_REQUIREMENTS,,PENDING,NEEDS_REVIEW,False,DEAD_NOT_FOUND,{},False,Is this page authoritative for LANGUAGE_REQUIREMENTS?
S0170,False,,johns hopkins university,e-catalogue.jhu.edu,https://e-catalogue.jhu.edu/,PROGRAM_CATALOG,,PENDING,NEEDS_REVIEW,True,BODY_EVIDENCE,{},True,Is this page authoritative for PROGRAM_CATALOG?
S0176,True,S0170,johns hopkins university,e-catalogue.jhu.edu,https://e-catalogue.jhu.edu/,UNCLASSIFIED,,PENDING,NEEDS_REVIEW,True,BODY_EVIDENCE,{},True,Is this page authoritative for UNCLASSIFIED?
S0173,False,,johns hopkins university,finaid.jhu.edu,https://finaid.jhu.edu/undergraduate-aid/costs/,TUITION_FEES,,PENDING,NEEDS_REVIEW,False,DEAD_NOT_FOUND,{},False,Is this page authoritative for TUITION_FEES?
S0169,False,,johns hopkins university,krieger.jhu.edu,https://krieger.jhu.edu/graduate/,PHD_ADMISSIONS,RESEARCH_POSTGRADUATE,PENDING,NEEDS_REVIEW,False,BLOCKED,{},False,Is this page authoritative for PHD_ADMISSIONS?
S0175,False,,johns hopkins university,studentaffairs.jhu.edu,https://studentaffairs.jhu.edu/registrar/academic-calendar/,ACADEMIC_CALENDAR,,PENDING,NEEDS_REVIEW,False,BLOCKED,{},False,Is this page authoritative for ACADEMIC_CALENDAR?
S0166,False,,johns hopkins university,www.jhu.edu,https://www.jhu.edu/,UNIVERSITY_HOME,,PENDING,NEEDS_REVIEW,False,BLOCKED,{},False,Is this page authoritative for UNIVERSITY_HOME?
S0298,False,,king's college london,www.kcl.ac.uk,https://www.kcl.ac.uk/,UNIVERSITY_HOME,,PENDING,NEEDS_REVIEW,True,BODY_EVIDENCE,{},True,Is this page authoritative for UNIVERSITY_HOME?
S0307,False,,king's college london,www.kcl.ac.uk,https://www.kcl.ac.uk/about/how-we-work/term-dates,ACADEMIC_CALENDAR,,PENDING,NEEDS_REVIEW,False,DEAD_NOT_FOUND,{},False,Is this page authoritative for ACADEMIC_CALENDAR?
S0302,False,,king's college london,www.kcl.ac.uk,https://www.kcl.ac.uk/study/courses,PROGRAM_CATALOG,,PENDING,NEEDS_REVIEW,False,DEAD_NOT_FOUND,{},False,Is this page authoritative for PROGRAM_CATALOG?
S0308,True,S0302,king's college london,www.kcl.ac.uk,https://www.kcl.ac.uk/study/courses,UNCLASSIFIED,,PENDING,NEEDS_REVIEW,False,DEAD_NOT_FOUND,{},False,Is this page authoritative for UNCLASSIFIED?
S0305,False,,king's college london,www.kcl.ac.uk,https://www.kcl.ac.uk/study/fees-and-funding,TUITION_FEES,,PENDING,NEEDS_REVIEW,False,DEAD_NOT_FOUND,{},False,Is this page authoritative for TUITION_FEES?
S0301,False,,king's college london,www.kcl.ac.uk,https://www.kcl.ac.uk/study/postgraduate-research/how-to-apply,PHD_ADMISSIONS,RESEARCH_POSTGRADUATE,PENDING,NEEDS_REVIEW,True,BODY_EVIDENCE,"{""ADMISSION_REQUIREMENT"": 6}",True,Is this page authoritative for PHD_ADMISSIONS?
S0300,False,,king's college london,www.kcl.ac.uk,https://www.kcl.ac.uk/study/postgraduate-taught/how-to-apply,POSTGRADUATE_ADMISSIONS,TAUGHT_POSTGRADUATE,PENDING,NEEDS_REVIEW,True,BODY_EVIDENCE,"{""ADMISSION_REQUIREMENT"": 26}",True,Is this page authoritative for POSTGRADUATE_ADMISSIONS?
S0299,False,,king's college london,www.kcl.ac.uk,https://www.kcl.ac.uk/study/undergraduate/how-to-apply,UNDERGRADUATE_ADMISSIONS,UNDERGRADUATE,PENDING,NEEDS_REVIEW,True,BODY_EVIDENCE,"{""ADMISSION_REQUIREMENT"": 12, ""APPLICATION_DEADLINE"": 2}",True,Is this page authoritative for UNDERGRADUATE_ADMISSIONS?
S0306,True,S0299,king's college london,www.kcl.ac.uk,https://www.kcl.ac.uk/study/undergraduate/how-to-apply,APPLICATION_DEADLINES,,PENDING,NEEDS_REVIEW,True,BODY_EVIDENCE,{},True,Is this page authoritative for APPLICATION_DEADLINES?
S0303,False,,king's college london,www.kcl.ac.uk,https://www.kcl.ac.uk/study/undergraduate/requirements,ENTRY_REQUIREMENTS,,PENDING,NEEDS_REVIEW,False,DEAD_NOT_FOUND,{},False,Is this page authoritative for ENTRY_REQUIREMENTS?
S0304,False,,king's college london,www.kcl.ac.uk,https://www.kcl.ac.uk/study/undergraduate/requirements/english-language-requirements,LANGUAGE_REQUIREMENTS,,PENDING,NEEDS_REVIEW,False,DEAD_NOT_FOUND,{},False,Is this page authoritative for LANGUAGE_REQUIREMENTS?
S0243,False,,mcgill university,www.mcgill.ca,https://www.mcgill.ca/,UNIVERSITY_HOME,,PENDING,NEEDS_REVIEW,True,BODY_EVIDENCE,{},True,Is this page authoritative for UNIVERSITY_HOME?
S0245,False,,mcgill university,www.mcgill.ca,https://www.mcgill.ca/gradapplicants/,POSTGRADUATE_ADMISSIONS,TAUGHT_POSTGRADUATE,PENDING,NEEDS_REVIEW,True,BODY_EVIDENCE,{},True,Is this page authoritative for POSTGRADUATE_ADMISSIONS?
S0246,True,S0245,mcgill university,www.mcgill.ca,https://www.mcgill.ca/gradapplicants/,PHD_ADMISSIONS,RESEARCH_POSTGRADUATE,PENDING,NEEDS_REVIEW,True,BODY_EVIDENCE,{},True,Is this page authoritative for PHD_ADMISSIONS?
S0253,True,S0245,mcgill university,www.mcgill.ca,https://www.mcgill.ca/gradapplicants/,UNCLASSIFIED,,PENDING,NEEDS_REVIEW,True,BODY_EVIDENCE,{},True,Is this page authoritative for UNCLASSIFIED?
S0249,False,,mcgill university,www.mcgill.ca,https://www.mcgill.ca/gradapplicants/apply-now/english-language-proficiency,LANGUAGE_REQUIREMENTS,,PENDING,NEEDS_REVIEW,False,DEAD_NOT_FOUND,{},False,Is this page authoritative for LANGUAGE_REQUIREMENTS?
S0252,False,,mcgill university,www.mcgill.ca,https://www.mcgill.ca/importantdates/key-dates,ACADEMIC_CALENDAR,,PENDING,NEEDS_REVIEW,True,BODY_EVIDENCE,"{""ACADEMIC_CALENDAR_EVENT"": 6}",True,Is this page authoritative for ACADEMIC_CALENDAR?
S0250,False,,mcgill university,www.mcgill.ca,https://www.mcgill.ca/student-accounts/tuition-charges,TUITION_FEES,,PENDING,NEEDS_REVIEW,False,DEAD_NOT_FOUND,{},False,Is this page authoritative for TUITION_FEES?
S0247,False,,mcgill university,www.mcgill.ca,https://www.mcgill.ca/study/,PROGRAM_CATALOG,,PENDING,NEEDS_REVIEW,False,BLOCKED,{},False,Is this page authoritative for PROGRAM_CATALOG?
S0244,False,,mcgill university,www.mcgill.ca,https://www.mcgill.ca/undergraduate-admissions/,UNDERGRADUATE_ADMISSIONS,UNDERGRADUATE,PENDING,NEEDS_REVIEW,True,BODY_EVIDENCE,{},True,Is this page authoritative for UNDERGRADUATE_ADMISSIONS?
S0251,False,,mcgill university,www.mcgill.ca,https://www.mcgill.ca/undergraduate-admissions/apply/dates,APPLICATION_DEADLINES,,PENDING,NEEDS_REVIEW,False,DEAD_NOT_FOUND,{},False,Is this page authoritative for APPLICATION_DEADLINES?
S0248,False,,mcgill university,www.mcgill.ca,https://www.mcgill.ca/undergraduate-admissions/apply/requirements,ENTRY_REQUIREMENTS,,PENDING,NEEDS_REVIEW,True,BODY_EVIDENCE,"{""ADMISSION_REQUIREMENT"": 12}",True,Is this page authoritative for ENTRY_REQUIREMENTS?
S0254,False,,monash university,www.monash.edu,https://www.monash.edu/,UNIVERSITY_HOME,,PENDING,NEEDS_REVIEW,False,BLOCKED,{},False,Is this page authoritative for UNIVERSITY_HOME?
S0263,False,,monash university,www.monash.edu,https://www.monash.edu/students/admin/enrolments/academic-calendar,ACADEMIC_CALENDAR,,PENDING,NEEDS_REVIEW,False,BLOCKED,{},False,Is this page authoritative for ACADEMIC_CALENDAR?
S0258,False,,monash university,www.monash.edu,https://www.monash.edu/study/courses,PROGRAM_CATALOG,,PENDING,NEEDS_REVIEW,False,BLOCKED,{},False,Is this page authoritative for PROGRAM_CATALOG?
S0262,False,,monash university,www.monash.edu,https://www.monash.edu/study/courses/apply,APPLICATION_DEADLINES,,PENDING,NEEDS_REVIEW,False,BLOCKED,{},False,Is this page authoritative for APPLICATION_DEADLINES?
S0256,False,,monash university,www.monash.edu,https://www.monash.edu/study/courses/apply/postgraduate,POSTGRADUATE_ADMISSIONS,TAUGHT_POSTGRADUATE,PENDING,NEEDS_REVIEW,False,BLOCKED,{},False,Is this page authoritative for POSTGRADUATE_ADMISSIONS?
S0255,False,,monash university,www.monash.edu,https://www.monash.edu/study/courses/apply/undergraduate,UNDERGRADUATE_ADMISSIONS,UNDERGRADUATE,PENDING,NEEDS_REVIEW,False,BLOCKED,{},False,Is this page authoritative for UNDERGRADUATE_ADMISSIONS?
S0260,False,,monash university,www.monash.edu,https://www.monash.edu/study/courses/english-language-requirements,LANGUAGE_REQUIREMENTS,,PENDING,NEEDS_REVIEW,False,BLOCKED,{},False,Is this page authoritative for LANGUAGE_REQUIREMENTS?
S0259,False,,monash university,www.monash.edu,https://www.monash.edu/study/courses/entry-requirements,ENTRY_REQUIREMENTS,,PENDING,NEEDS_REVIEW,False,BLOCKED,{},False,Is this page authoritative for ENTRY_REQUIREMENTS?
S0261,False,,monash university,www.monash.edu,https://www.monash.edu/study/fees-scholarships,TUITION_FEES,,PENDING,NEEDS_REVIEW,False,BLOCKED,{},False,Is this page authoritative for TUITION_FEES?
S0257,False,,monash university,www.monash.edu,https://www.monash.edu/study/why-choose-monash/research-degrees,PHD_ADMISSIONS,RESEARCH_POSTGRADUATE,PENDING,NEEDS_REVIEW,False,BLOCKED,{},False,Is this page authoritative for PHD_ADMISSIONS?
S0264,True,S0257,monash university,www.monash.edu,https://www.monash.edu/study/why-choose-monash/research-degrees,UNCLASSIFIED,,PENDING,NEEDS_REVIEW,False,BLOCKED,{},False,Is this page authoritative for UNCLASSIFIED?
S0100,False,,"nanyang technological university, singapore (ntu singapore)",www.ntu.edu.sg,https://www.ntu.edu.sg/,UNIVERSITY_HOME,,PENDING,NEEDS_REVIEW,True,BODY_EVIDENCE,{},True,Is this page authoritative for UNIVERSITY_HOME?
S0109,False,,"nanyang technological university, singapore (ntu singapore)",www.ntu.edu.sg,https://www.ntu.edu.sg/academic-services/academic-calendar,ACADEMIC_CALENDAR,,PENDING,NEEDS_REVIEW,False,DEAD_NOT_FOUND,{},False,Is this page authoritative for ACADEMIC_CALENDAR?
S0102,False,,"nanyang technological university, singapore (ntu singapore)",www.ntu.edu.sg,https://www.ntu.edu.sg/admissions/graduate,POSTGRADUATE_ADMISSIONS,TAUGHT_POSTGRADUATE,PENDING,NEEDS_REVIEW,True,BODY_EVIDENCE,"{""ADMISSION_REQUIREMENT"": 2}",True,Is this page authoritative for POSTGRADUATE_ADMISSIONS?
S0103,True,S0102,"nanyang technological university, singapore (ntu singapore)",www.ntu.edu.sg,https://www.ntu.edu.sg/admissions/graduate,PHD_ADMISSIONS,RESEARCH_POSTGRADUATE,PENDING,NEEDS_REVIEW,True,BODY_EVIDENCE,{},True,Is this page authoritative for PHD_ADMISSIONS?
S0110,True,S0102,"nanyang technological university, singapore (ntu singapore)",www.ntu.edu.sg,https://www.ntu.edu.sg/admissions/graduate,UNCLASSIFIED,,PENDING,NEEDS_REVIEW,True,BODY_EVIDENCE,{},True,Is this page authoritative for UNCLASSIFIED?
S0101,False,,"nanyang technological university, singapore (ntu singapore)",www.ntu.edu.sg,https://www.ntu.edu.sg/admissions/undergraduate,UNDERGRADUATE_ADMISSIONS,UNDERGRADUATE,PENDING,NEEDS_REVIEW,True,BODY_EVIDENCE,"{""ADMISSION_REQUIREMENT"": 55}",True,Is this page authoritative for UNDERGRADUATE_ADMISSIONS?
S0108,False,,"nanyang technological university, singapore (ntu singapore)",www.ntu.edu.sg,https://www.ntu.edu.sg/admissions/undergraduate/application,APPLICATION_DEADLINES,,PENDING,NEEDS_REVIEW,False,DEAD_NOT_FOUND,{},False,Is this page authoritative for APPLICATION_DEADLINES?
S0107,False,,"nanyang technological university, singapore (ntu singapore)",www.ntu.edu.sg,https://www.ntu.edu.sg/admissions/undergraduate/fees,TUITION_FEES,,PENDING,NEEDS_REVIEW,False,DEAD_NOT_FOUND,{},False,Is this page authoritative for TUITION_FEES?
S0105,False,,"nanyang technological university, singapore (ntu singapore)",www.ntu.edu.sg,https://www.ntu.edu.sg/admissions/undergraduate/requirements,ENTRY_REQUIREMENTS,,PENDING,NEEDS_REVIEW,False,DEAD_NOT_FOUND,{},False,Is this page authoritative for ENTRY_REQUIREMENTS?
S0106,True,S0105,"nanyang technological university, singapore (ntu singapore)",www.ntu.edu.sg,https://www.ntu.edu.sg/admissions/undergraduate/requirements,LANGUAGE_REQUIREMENTS,,PENDING,NEEDS_REVIEW,False,DEAD_NOT_FOUND,{},False,Is this page authoritative for LANGUAGE_REQUIREMENTS?
S0104,False,,"nanyang technological university, singapore (ntu singapore)",www.ntu.edu.sg,https://www.ntu.edu.sg/education/undergraduate-programme,PROGRAM_CATALOG,,PENDING,NEEDS_REVIEW,False,DEAD_NOT_FOUND,{},False,Is this page authoritative for PROGRAM_CATALOG?
S0082,False,,national university of singapore (nus),nus.edu.sg,https://nus.edu.sg/education,PROGRAM_CATALOG,,PENDING,NEEDS_REVIEW,False,BLOCKED,{},False,Is this page authoritative for PROGRAM_CATALOG?
S0079,False,,national university of singapore (nus),nus.edu.sg,https://nus.edu.sg/oam/admissions/undergraduate-programmes,UNDERGRADUATE_ADMISSIONS,UNDERGRADUATE,PENDING,NEEDS_REVIEW,False,BLOCKED,{},False,Is this page authoritative for UNDERGRADUATE_ADMISSIONS?
S0083,False,,national university of singapore (nus),nus.edu.sg,https://nus.edu.sg/oam/admissions/undergraduate-programmes/admission-requirements,ENTRY_REQUIREMENTS,,PENDING,NEEDS_REVIEW,False,BLOCKED,{},False,Is this page authoritative for ENTRY_REQUIREMENTS?
S0084,False,,national university of singapore (nus),nus.edu.sg,https://nus.edu.sg/oam/admissions/undergraduate-programmes/admission-requirements/english-language-requirements,LANGUAGE_REQUIREMENTS,,PENDING,NEEDS_REVIEW,False,BLOCKED,{},False,Is this page authoritative for LANGUAGE_REQUIREMENTS?
S0086,False,,national university of singapore (nus),nus.edu.sg,https://nus.edu.sg/oam/admissions/undergraduate-programmes/application-information,APPLICATION_DEADLINES,,PENDING,NEEDS_REVIEW,False,DEAD_NOT_FOUND,{},False,Is this page authoritative for APPLICATION_DEADLINES?
S0087,False,,national university of singapore (nus),nus.edu.sg,https://nus.edu.sg/registrar/academic-activities/academic-calendar,ACADEMIC_CALENDAR,,PENDING,NEEDS_REVIEW,False,BLOCKED,{},False,Is this page authoritative for ACADEMIC_CALENDAR?
S0085,False,,national university of singapore (nus),nus.edu.sg,https://nus.edu.sg/registrar/administrative-policies-procedures/undergraduate/tuition-fees,TUITION_FEES,,PENDING,NEEDS_REVIEW,False,BLOCKED,{},False,Is this page authoritative for TUITION_FEES?
S0080,False,,national university of singapore (nus),nusgs.nus.edu.sg,https://nusgs.nus.edu.sg/,POSTGRADUATE_ADMISSIONS,TAUGHT_POSTGRADUATE,PENDING,NEEDS_REVIEW,False,BLOCKED,{},False,Is this page authoritative for POSTGRADUATE_ADMISSIONS?
S0081,True,S0080,national university of singapore (nus),nusgs.nus.edu.sg,https://nusgs.nus.edu.sg/,PHD_ADMISSIONS,RESEARCH_POSTGRADUATE,PENDING,NEEDS_REVIEW,False,BLOCKED,{},False,Is this page authoritative for PHD_ADMISSIONS?
S0088,True,S0080,national university of singapore (nus),nusgs.nus.edu.sg,https://nusgs.nus.edu.sg/,UNCLASSIFIED,,PENDING,NEEDS_REVIEW,False,BLOCKED,{},False,Is this page authoritative for UNCLASSIFIED?
S0078,False,,national university of singapore (nus),www.nus.edu.sg,https://www.nus.edu.sg/,UNIVERSITY_HOME,,PENDING,NEEDS_REVIEW,False,BLOCKED,{},False,Is this page authoritative for UNIVERSITY_HOME?
S0343,False,,northwestern university,admissions.northwestern.edu,https://admissions.northwestern.edu/,UNDERGRADUATE_ADMISSIONS,UNDERGRADUATE,PENDING,NEEDS_REVIEW,True,BODY_EVIDENCE,"{""ADMISSION_REQUIREMENT"": 16}",True,Is this page authoritative for UNDERGRADUATE_ADMISSIONS?
S0347,False,,northwestern university,admissions.northwestern.edu,https://admissions.northwestern.edu/apply/,ENTRY_REQUIREMENTS,,PENDING,NEEDS_REVIEW,True,BODY_EVIDENCE,"{""ADMISSION_REQUIREMENT"": 1, ""LANGUAGE_TEST"": 3}",True,Is this page authoritative for ENTRY_REQUIREMENTS?
S0350,True,S0347,northwestern university,admissions.northwestern.edu,https://admissions.northwestern.edu/apply/,APPLICATION_DEADLINES,,PENDING,NEEDS_REVIEW,True,BODY_EVIDENCE,"{""APPLICATION_DEADLINE"": 1}",True,Is this page authoritative for APPLICATION_DEADLINES?
S0349,False,,northwestern university,admissions.northwestern.edu,https://admissions.northwestern.edu/tuition-aid/,TUITION_FEES,,PENDING,NEEDS_REVIEW,True,BODY_EVIDENCE,{},True,Is this page authoritative for TUITION_FEES?
S0346,False,,northwestern university,catalogs.northwestern.edu,https://catalogs.northwestern.edu/,PROGRAM_CATALOG,,PENDING,NEEDS_REVIEW,True,BODY_EVIDENCE,{},True,Is this page authoritative for PROGRAM_CATALOG?
S0342,False,,northwestern university,www.northwestern.edu,https://www.northwestern.edu/,UNIVERSITY_HOME,,PENDING,NEEDS_REVIEW,True,BODY_EVIDENCE,{},True,Is this page authoritative for UNIVERSITY_HOME?
S0351,False,,northwestern university,www.registrar.northwestern.edu,https://www.registrar.northwestern.edu/calendars/,ACADEMIC_CALENDAR,,PENDING,NEEDS_REVIEW,True,BODY_EVIDENCE,{},True,Is this page authoritative for ACADEMIC_CALENDAR?
S0344,False,,northwestern university,www.tgs.northwestern.edu,https://www.tgs.northwestern.edu/admission/,POSTGRADUATE_ADMISSIONS,TAUGHT_POSTGRADUATE,PENDING,NEEDS_REVIEW,True,BODY_EVIDENCE,"{""ADMISSION_REQUIREMENT"": 18}",True,Is this page authoritative for POSTGRADUATE_ADMISSIONS?
S0345,True,S0344,northwestern university,www.tgs.northwestern.edu,https://www.tgs.northwestern.edu/admission/,PHD_ADMISSIONS,RESEARCH_POSTGRADUATE,PENDING,NEEDS_REVIEW,True,BODY_EVIDENCE,{},True,Is this page authoritative for PHD_ADMISSIONS?
S0352,True,S0344,northwestern university,www.tgs.northwestern.edu,https://www.tgs.northwestern.edu/admission/,UNCLASSIFIED,,PENDING,NEEDS_REVIEW,True,BODY_EVIDENCE,{},True,Is this page authoritative for UNCLASSIFIED?
S0348,False,,northwestern university,www.tgs.northwestern.edu,https://www.tgs.northwestern.edu/admission/application-procedures/requirements.html,LANGUAGE_REQUIREMENTS,,PENDING,NEEDS_REVIEW,False,DEAD_NOT_FOUND,{},False,Is this page authoritative for LANGUAGE_REQUIREMENTS?
S0211,False,,princeton university,admission.princeton.edu,https://admission.princeton.edu/,UNDERGRADUATE_ADMISSIONS,UNDERGRADUATE,PENDING,NEEDS_REVIEW,True,BODY_EVIDENCE,"{""ADMISSION_REQUIREMENT"": 21}",True,Is this page authoritative for UNDERGRADUATE_ADMISSIONS?
S0215,False,,princeton university,admission.princeton.edu,https://admission.princeton.edu/apply,ENTRY_REQUIREMENTS,,PENDING,NEEDS_REVIEW,True,BODY_EVIDENCE,"{""ADMISSION_REQUIREMENT"": 25}",True,Is this page authoritative for ENTRY_REQUIREMENTS?
S0218,True,S0215,princeton university,admission.princeton.edu,https://admission.princeton.edu/apply,APPLICATION_DEADLINES,,PENDING,NEEDS_REVIEW,True,BODY_EVIDENCE,"{""APPLICATION_DEADLINE"": 2}",True,Is this page authoritative for APPLICATION_DEADLINES?
S0217,False,,princeton university,admission.princeton.edu,https://admission.princeton.edu/cost-aid,TUITION_FEES,,PENDING,NEEDS_REVIEW,True,BODY_EVIDENCE,"{""TUITION"": 3}",True,Is this page authoritative for TUITION_FEES?
S0212,False,,princeton university,gradschool.princeton.edu,https://gradschool.princeton.edu/admission-onboarding,POSTGRADUATE_ADMISSIONS,TAUGHT_POSTGRADUATE,PENDING,NEEDS_REVIEW,False,BLOCKED,{},False,Is this page authoritative for POSTGRADUATE_ADMISSIONS?
S0213,True,S0212,princeton university,gradschool.princeton.edu,https://gradschool.princeton.edu/admission-onboarding,PHD_ADMISSIONS,RESEARCH_POSTGRADUATE,PENDING,NEEDS_REVIEW,False,BLOCKED,{},False,Is this page authoritative for PHD_ADMISSIONS?
S0220,True,S0212,princeton university,gradschool.princeton.edu,https://gradschool.princeton.edu/admission-onboarding,UNCLASSIFIED,,PENDING,NEEDS_REVIEW,False,BLOCKED,{},False,Is this page authoritative for UNCLASSIFIED?
S0216,False,,princeton university,gradschool.princeton.edu,https://gradschool.princeton.edu/admission-onboarding/application-requirements,LANGUAGE_REQUIREMENTS,,PENDING,NEEDS_REVIEW,False,BLOCKED,{},False,Is this page authoritative for LANGUAGE_REQUIREMENTS?
S0219,False,,princeton university,registrar.princeton.edu,https://registrar.princeton.edu/academic-calendar,ACADEMIC_CALENDAR,,PENDING,NEEDS_REVIEW,False,BLOCKED,{},False,Is this page authoritative for ACADEMIC_CALENDAR?
S0210,False,,princeton university,www.princeton.edu,https://www.princeton.edu/,UNIVERSITY_HOME,,PENDING,NEEDS_REVIEW,True,BODY_EVIDENCE,{},True,Is this page authoritative for UNIVERSITY_HOME?
S0214,False,,princeton university,www.princeton.edu,https://www.princeton.edu/academics/areas-study,PROGRAM_CATALOG,,PENDING,NEEDS_REVIEW,False,DEAD_NOT_FOUND,{},False,Is this page authoritative for PROGRAM_CATALOG?
S0013,False,,stanford university,admission.stanford.edu,https://admission.stanford.edu/,UNDERGRADUATE_ADMISSIONS,UNDERGRADUATE,PENDING,NEEDS_REVIEW,True,BODY_EVIDENCE,"{""ADMISSION_REQUIREMENT"": 16}",True,Is this page authoritative for UNDERGRADUATE_ADMISSIONS?
S0017,False,,stanford university,admission.stanford.edu,https://admission.stanford.edu/apply/first-year/,ENTRY_REQUIREMENTS,,PENDING,NEEDS_REVIEW,True,BODY_EVIDENCE,"{""ADMISSION_REQUIREMENT"": 28}",True,Is this page authoritative for ENTRY_REQUIREMENTS?
S0020,False,,stanford university,admission.stanford.edu,https://admission.stanford.edu/apply/first-year/deadlines.html,APPLICATION_DEADLINES,,PENDING,NEEDS_REVIEW,True,BODY_EVIDENCE,{},True,Is this page authoritative for APPLICATION_DEADLINES?
S0018,False,,stanford university,admission.stanford.edu,https://admission.stanford.edu/apply/first-year/requirements.html,LANGUAGE_REQUIREMENTS,,PENDING,NEEDS_REVIEW,True,BODY_EVIDENCE,{},True,Is this page authoritative for LANGUAGE_REQUIREMENTS?
S0016,False,,stanford university,bulletin.stanford.edu,https://bulletin.stanford.edu/search/,PROGRAM_CATALOG,,PENDING,NEEDS_REVIEW,True,BODY_EVIDENCE,{},True,Is this page authoritative for PROGRAM_CATALOG?
S0014,False,,stanford university,gradadmissions.stanford.edu,https://gradadmissions.stanford.edu/,POSTGRADUATE_ADMISSIONS,TAUGHT_POSTGRADUATE,PENDING,NEEDS_REVIEW,True,BODY_EVIDENCE,"{""ADMISSION_REQUIREMENT"": 8}",True,Is this page authoritative for POSTGRADUATE_ADMISSIONS?
S0015,True,S0014,stanford university,gradadmissions.stanford.edu,https://gradadmissions.stanford.edu/,PHD_ADMISSIONS,RESEARCH_POSTGRADUATE,PENDING,NEEDS_REVIEW,True,BODY_EVIDENCE,{},True,Is this page authoritative for PHD_ADMISSIONS?
S0021,False,,stanford university,registrar.stanford.edu,https://registrar.stanford.edu/academics/academic-calendar,ACADEMIC_CALENDAR,,PENDING,NEEDS_REVIEW,False,DEAD_NOT_FOUND,{},False,Is this page authoritative for ACADEMIC_CALENDAR?
S0022,False,,stanford university,studentservices.stanford.edu,https://studentservices.stanford.edu/tuition-rates/2026-2027-graduate-and-professional-tuition-rates,UNCLASSIFIED,,PENDING,NEEDS_REVIEW,True,BODY_EVIDENCE,{},True,Is this page authoritative for UNCLASSIFIED?
S0019,False,,stanford university,studentservices.stanford.edu,https://studentservices.stanford.edu/tuition-rates/2026-2027-undergraduate-tuition-rates,TUITION_FEES,,PENDING,NEEDS_REVIEW,True,BODY_EVIDENCE,"{""TUITION"": 12}",True,Is this page authoritative for TUITION_FEES?
S0012,False,,stanford university,www.stanford.edu,https://www.stanford.edu/,UNIVERSITY_HOME,,PENDING,NEEDS_REVIEW,True,BODY_EVIDENCE,{},True,Is this page authoritative for UNIVERSITY_HOME?
S0145,False,,the chinese university of hong kong (cuhk),admission.cuhk.edu.hk,https://admission.cuhk.edu.hk/,UNDERGRADUATE_ADMISSIONS,UNDERGRADUATE,PENDING,NEEDS_REVIEW,False,TLS_FAILURE,{},False,Is this page authoritative for UNDERGRADUATE_ADMISSIONS?
S0152,False,,the chinese university of hong kong (cuhk),admission.cuhk.edu.hk,https://admission.cuhk.edu.hk/application/,APPLICATION_DEADLINES,,PENDING,NEEDS_REVIEW,False,TLS_FAILURE,{},False,Is this page authoritative for APPLICATION_DEADLINES?
S0151,False,,the chinese university of hong kong (cuhk),admission.cuhk.edu.hk,https://admission.cuhk.edu.hk/fees/,TUITION_FEES,,PENDING,NEEDS_REVIEW,False,TLS_FAILURE,{},False,Is this page authoritative for TUITION_FEES?
S0148,False,,the chinese university of hong kong (cuhk),admission.cuhk.edu.hk,https://admission.cuhk.edu.hk/programmes/,PROGRAM_CATALOG,,PENDING,NEEDS_REVIEW,False,TLS_FAILURE,{},False,Is this page authoritative for PROGRAM_CATALOG?
S0149,False,,the chinese university of hong kong (cuhk),admission.cuhk.edu.hk,https://admission.cuhk.edu.hk/requirements/,ENTRY_REQUIREMENTS,,PENDING,NEEDS_REVIEW,False,TLS_FAILURE,{},False,Is this page authoritative for ENTRY_REQUIREMENTS?
S0144,False,,the chinese university of hong kong (cuhk),www.cuhk.edu.hk,https://www.cuhk.edu.hk/,UNIVERSITY_HOME,,PENDING,NEEDS_REVIEW,True,BODY_EVIDENCE,{},True,Is this page authoritative for UNIVERSITY_HOME?
S0146,False,,the chinese university of hong kong (cuhk),www.gs.cuhk.edu.hk,https://www.gs.cuhk.edu.hk/,POSTGRADUATE_ADMISSIONS,TAUGHT_POSTGRADUATE,PENDING,NEEDS_REVIEW,True,BODY_EVIDENCE,"{""APPLICATION_DEADLINE"": 1}",True,Is this page authoritative for POSTGRADUATE_ADMISSIONS?
S0147,True,S0146,the chinese university of hong kong (cuhk),www.gs.cuhk.edu.hk,https://www.gs.cuhk.edu.hk/,PHD_ADMISSIONS,RESEARCH_POSTGRADUATE,PENDING,NEEDS_REVIEW,True,BODY_EVIDENCE,{},True,Is this page authoritative for PHD_ADMISSIONS?
S0154,True,S0146,the chinese university of hong kong (cuhk),www.gs.cuhk.edu.hk,https://www.gs.cuhk.edu.hk/,UNCLASSIFIED,,PENDING,NEEDS_REVIEW,True,BODY_EVIDENCE,{},True,Is this page authoritative for UNCLASSIFIED?
S0150,False,,the chinese university of hong kong (cuhk),www.gs.cuhk.edu.hk,https://www.gs.cuhk.edu.hk/page/EnglishLanguageProficiencyRequirement,LANGUAGE_REQUIREMENTS,,PENDING,NEEDS_REVIEW,False,DEAD_NOT_FOUND,{},False,Is this page authoritative for LANGUAGE_REQUIREMENTS?
S0153,False,,the chinese university of hong kong (cuhk),www.res.cuhk.edu.hk,https://www.res.cuhk.edu.hk/en-gb/academic-calendar,ACADEMIC_CALENDAR,,PENDING,NEEDS_REVIEW,False,TLS_FAILURE,{},False,Is this page authoritative for ACADEMIC_CALENDAR?
S0375,False,,the hong kong polytechnic university,www.polyu.edu.hk,https://www.polyu.edu.hk/,UNIVERSITY_HOME,,PENDING,NEEDS_REVIEW,True,BODY_EVIDENCE,{},True,Is this page authoritative for UNIVERSITY_HOME?
S0384,False,,the hong kong polytechnic university,www.polyu.edu.hk,https://www.polyu.edu.hk/ar/academic-calendar/,ACADEMIC_CALENDAR,,PENDING,NEEDS_REVIEW,False,DEAD_NOT_FOUND,{},False,Is this page authoritative for ACADEMIC_CALENDAR?
S0379,False,,the hong kong polytechnic university,www.polyu.edu.hk,https://www.polyu.edu.hk/study/,PROGRAM_CATALOG,,PENDING,NEEDS_REVIEW,True,BODY_EVIDENCE,"{""DEGREE_LEVEL"": 2, ""PROGRAM_NAME"": 2}",True,Is this page authoritative for PROGRAM_CATALOG?
S0377,False,,the hong kong polytechnic university,www.polyu.edu.hk,https://www.polyu.edu.hk/study/pg/admissions/,POSTGRADUATE_ADMISSIONS,TAUGHT_POSTGRADUATE,PENDING,NEEDS_REVIEW,False,DEAD_NOT_FOUND,{},False,Is this page authoritative for POSTGRADUATE_ADMISSIONS?
S0381,False,,the hong kong polytechnic university,www.polyu.edu.hk,https://www.polyu.edu.hk/study/pg/admissions/admission-requirements/,LANGUAGE_REQUIREMENTS,,PENDING,NEEDS_REVIEW,False,DEAD_NOT_FOUND,{},False,Is this page authoritative for LANGUAGE_REQUIREMENTS?
S0378,False,,the hong kong polytechnic university,www.polyu.edu.hk,https://www.polyu.edu.hk/study/pg/research-postgraduate-programmes/,PHD_ADMISSIONS,RESEARCH_POSTGRADUATE,PENDING,NEEDS_REVIEW,False,DEAD_NOT_FOUND,{},False,Is this page authoritative for PHD_ADMISSIONS?
S0385,True,S0378,the hong kong polytechnic university,www.polyu.edu.hk,https://www.polyu.edu.hk/study/pg/research-postgraduate-programmes/,UNCLASSIFIED,,PENDING,NEEDS_REVIEW,False,DEAD_NOT_FOUND,{},False,Is this page authoritative for UNCLASSIFIED?
S0376,False,,the hong kong polytechnic university,www.polyu.edu.hk,https://www.polyu.edu.hk/study/ug/admissions/,UNDERGRADUATE_ADMISSIONS,UNDERGRADUATE,PENDING,NEEDS_REVIEW,True,BODY_EVIDENCE,{},True,Is this page authoritative for UNDERGRADUATE_ADMISSIONS?
S0383,False,,the hong kong polytechnic university,www.polyu.edu.hk,https://www.polyu.edu.hk/study/ug/admissions/application/,APPLICATION_DEADLINES,,PENDING,NEEDS_REVIEW,False,DEAD_NOT_FOUND,{},False,Is this page authoritative for APPLICATION_DEADLINES?
S0380,False,,the hong kong polytechnic university,www.polyu.edu.hk,https://www.polyu.edu.hk/study/ug/admissions/entrance-requirements/,ENTRY_REQUIREMENTS,,PENDING,NEEDS_REVIEW,False,DEAD_NOT_FOUND,{},False,Is this page authoritative for ENTRY_REQUIREMENTS?
S0382,False,,the hong kong polytechnic university,www.polyu.edu.hk,https://www.polyu.edu.hk/study/ug/admissions/tuition-fees/,TUITION_FEES,,PENDING,NEEDS_REVIEW,False,DEAD_NOT_FOUND,{},False,Is this page authoritative for TUITION_FEES?
S0286,False,,the hong kong university of science and technology,ebookshelf.hkust.edu.hk,https://ebookshelf.hkust.edu.hk/flippingbook/G23589_AdmissionFlyer/,UNCLASSIFIED,,PENDING,NEEDS_REVIEW,True,BODY_EVIDENCE,{},True,Is this page authoritative for UNCLASSIFIED?
S0278,False,,the hong kong university of science and technology,fytgs.hkust.edu.hk,https://fytgs.hkust.edu.hk/admissions,POSTGRADUATE_ADMISSIONS,TAUGHT_POSTGRADUATE,PENDING,NEEDS_REVIEW,False,BLOCKED,{},False,Is this page authoritative for POSTGRADUATE_ADMISSIONS?
S0279,True,S0278,the hong kong university of science and technology,fytgs.hkust.edu.hk,https://fytgs.hkust.edu.hk/admissions,PHD_ADMISSIONS,RESEARCH_POSTGRADUATE,PENDING,NEEDS_REVIEW,False,BLOCKED,{},False,Is this page authoritative for PHD_ADMISSIONS?
S0282,True,S0278,the hong kong university of science and technology,fytgs.hkust.edu.hk,https://fytgs.hkust.edu.hk/admissions,LANGUAGE_REQUIREMENTS,,PENDING,NEEDS_REVIEW,False,BLOCKED,{},False,Is this page authoritative for LANGUAGE_REQUIREMENTS?
S0284,True,S0278,the hong kong university of science and technology,fytgs.hkust.edu.hk,https://fytgs.hkust.edu.hk/admissions,APPLICATION_DEADLINES,,PENDING,NEEDS_REVIEW,False,BLOCKED,{},False,Is this page authoritative for APPLICATION_DEADLINES?
S0276,False,,the hong kong university of science and technology,hkust.edu.hk,https://hkust.edu.hk/,UNIVERSITY_HOME,,PENDING,NEEDS_REVIEW,True,BODY_EVIDENCE,{},True,Is this page authoritative for UNIVERSITY_HOME?
S0280,False,,the hong kong university of science and technology,hkust.edu.hk,https://hkust.edu.hk/academics,PROGRAM_CATALOG,,PENDING,NEEDS_REVIEW,True,BODY_EVIDENCE,{},True,Is this page authoritative for PROGRAM_CATALOG?
S0277,False,,the hong kong university of science and technology,join.hkust.edu.hk,https://join.hkust.edu.hk/,UNDERGRADUATE_ADMISSIONS,UNDERGRADUATE,PENDING,NEEDS_REVIEW,True,BODY_EVIDENCE,{},True,Is this page authoritative for UNDERGRADUATE_ADMISSIONS?
S0281,False,,the hong kong university of science and technology,join.hkust.edu.hk,https://join.hkust.edu.hk/admissions,ENTRY_REQUIREMENTS,,PENDING,NEEDS_REVIEW,True,BODY_EVIDENCE,"{""ADMISSION_REQUIREMENT"": 3}",True,Is this page authoritative for ENTRY_REQUIREMENTS?
S0285,False,,the hong kong university of science and technology,registry.hkust.edu.hk,https://registry.hkust.edu.hk/resource-library/academic-calendar,ACADEMIC_CALENDAR,,PENDING,NEEDS_REVIEW,True,BODY_EVIDENCE,"{""ACADEMIC_CALENDAR_EVENT"": 1}",True,Is this page authoritative for ACADEMIC_CALENDAR?
S0283,False,,the hong kong university of science and technology,registry.hkust.edu.hk,https://registry.hkust.edu.hk/resource-library/tuition-rates-ug,TUITION_FEES,,PENDING,NEEDS_REVIEW,True,BODY_EVIDENCE,"{""TUITION"": 1}",True,Is this page authoritative for TUITION_FEES?
S0287,False,,the university of edinburgh,www.ed.ac.uk,https://www.ed.ac.uk/,UNIVERSITY_HOME,,PENDING,NEEDS_REVIEW,True,BODY_EVIDENCE,{},True,Is this page authoritative for UNIVERSITY_HOME?
S0296,False,,the university of edinburgh,www.ed.ac.uk,https://www.ed.ac.uk/news/academic-dates,ACADEMIC_CALENDAR,,PENDING,NEEDS_REVIEW,False,DEAD_NOT_FOUND,{},False,Is this page authoritative for ACADEMIC_CALENDAR?
S0291,False,,the university of edinburgh,www.ed.ac.uk,https://www.ed.ac.uk/studying/degree-finder,PROGRAM_CATALOG,,PENDING,NEEDS_REVIEW,False,DEAD_NOT_FOUND,{},False,Is this page authoritative for PROGRAM_CATALOG?
S0297,True,S0291,the university of edinburgh,www.ed.ac.uk,https://www.ed.ac.uk/studying/degree-finder,UNCLASSIFIED,,PENDING,NEEDS_REVIEW,False,DEAD_NOT_FOUND,{},False,Is this page authoritative for UNCLASSIFIED?
S0293,False,,the university of edinburgh,www.ed.ac.uk,https://www.ed.ac.uk/studying/international/english,LANGUAGE_REQUIREMENTS,,PENDING,NEEDS_REVIEW,True,BODY_EVIDENCE,{},True,Is this page authoritative for LANGUAGE_REQUIREMENTS?
S0289,False,,the university of edinburgh,www.ed.ac.uk,https://www.ed.ac.uk/studying/postgraduate/applying,POSTGRADUATE_ADMISSIONS,TAUGHT_POSTGRADUATE,PENDING,NEEDS_REVIEW,True,BODY_EVIDENCE,{},True,Is this page authoritative for POSTGRADUATE_ADMISSIONS?
S0290,False,,the university of edinburgh,www.ed.ac.uk,https://www.ed.ac.uk/studying/postgraduate/research,PHD_ADMISSIONS,RESEARCH_POSTGRADUATE,PENDING,NEEDS_REVIEW,False,DEAD_NOT_FOUND,{},False,Is this page authoritative for PHD_ADMISSIONS?
S0288,False,,the university of edinburgh,www.ed.ac.uk,https://www.ed.ac.uk/studying/undergraduate/applying,UNDERGRADUATE_ADMISSIONS,UNDERGRADUATE,PENDING,NEEDS_REVIEW,True,BODY_EVIDENCE,{},True,Is this page authoritative for UNDERGRADUATE_ADMISSIONS?
S0295,False,,the university of edinburgh,www.ed.ac.uk,https://www.ed.ac.uk/studying/undergraduate/applying/application-dates,APPLICATION_DEADLINES,,PENDING,NEEDS_REVIEW,False,DEAD_NOT_FOUND,{},False,Is this page authoritative for APPLICATION_DEADLINES?
S0292,False,,the university of edinburgh,www.ed.ac.uk,https://www.ed.ac.uk/studying/undergraduate/entry-requirements,ENTRY_REQUIREMENTS,,PENDING,NEEDS_REVIEW,True,BODY_EVIDENCE,{},True,Is this page authoritative for ENTRY_REQUIREMENTS?
S0294,False,,the university of edinburgh,www.ed.ac.uk,https://www.ed.ac.uk/studying/undergraduate/fees-funding,TUITION_FEES,,PENDING,NEEDS_REVIEW,True,BODY_EVIDENCE,{},True,Is this page authoritative for TUITION_FEES?
S0090,False,,the university of hong kong,admissions.hku.hk,https://admissions.hku.hk/,UNDERGRADUATE_ADMISSIONS,UNDERGRADUATE,PENDING,NEEDS_REVIEW,True,BODY_EVIDENCE,"{""ADMISSION_REQUIREMENT"": 1}",True,Is this page authoritative for UNDERGRADUATE_ADMISSIONS?
S0097,False,,the university of hong kong,admissions.hku.hk,https://admissions.hku.hk/apply,APPLICATION_DEADLINES,,PENDING,NEEDS_REVIEW,False,BLOCKED,{},False,Is this page authoritative for APPLICATION_DEADLINES?
S0094,False,,the university of hong kong,admissions.hku.hk,https://admissions.hku.hk/apply/requirements,ENTRY_REQUIREMENTS,,PENDING,NEEDS_REVIEW,False,DEAD_NOT_FOUND,{},False,Is this page authoritative for ENTRY_REQUIREMENTS?
S0095,True,S0094,the university of hong kong,admissions.hku.hk,https://admissions.hku.hk/apply/requirements,LANGUAGE_REQUIREMENTS,,PENDING,NEEDS_REVIEW,False,DEAD_NOT_FOUND,{},False,Is this page authoritative for LANGUAGE_REQUIREMENTS?
S0096,False,,the university of hong kong,admissions.hku.hk,https://admissions.hku.hk/fees-and-scholarships,TUITION_FEES,,PENDING,NEEDS_REVIEW,False,BLOCKED,{},False,Is this page authoritative for TUITION_FEES?
S0093,False,,the university of hong kong,admissions.hku.hk,https://admissions.hku.hk/programmes,PROGRAM_CATALOG,,PENDING,NEEDS_REVIEW,True,BODY_EVIDENCE,{},True,Is this page authoritative for PROGRAM_CATALOG?
S0091,False,,the university of hong kong,admissions.hku.hk,https://admissions.hku.hk/tpg/,POSTGRADUATE_ADMISSIONS,TAUGHT_POSTGRADUATE,PENDING,NEEDS_REVIEW,True,BODY_EVIDENCE,{},True,Is this page authoritative for POSTGRADUATE_ADMISSIONS?
S0092,False,,the university of hong kong,gradsch.hku.hk,https://gradsch.hku.hk/,PHD_ADMISSIONS,RESEARCH_POSTGRADUATE,PENDING,NEEDS_REVIEW,True,BODY_EVIDENCE,{},True,Is this page authoritative for PHD_ADMISSIONS?
S0099,True,S0092,the university of hong kong,gradsch.hku.hk,https://gradsch.hku.hk/,UNCLASSIFIED,,PENDING,NEEDS_REVIEW,True,BODY_EVIDENCE,{},True,Is this page authoritative for UNCLASSIFIED?
S0089,False,,the university of hong kong,www.hku.hk,https://www.hku.hk/,UNIVERSITY_HOME,,PENDING,NEEDS_REVIEW,True,BODY_EVIDENCE,{},True,Is this page authoritative for UNIVERSITY_HOME?
S0098,False,,the university of hong kong,www.hku.hk,https://www.hku.hk/academics/academic-calendar.html,ACADEMIC_CALENDAR,,PENDING,NEEDS_REVIEW,False,DEAD_NOT_FOUND,{},False,Is this page authoritative for ACADEMIC_CALENDAR?
S0309,False,,the university of manchester,www.manchester.ac.uk,https://www.manchester.ac.uk/,UNIVERSITY_HOME,,PENDING,NEEDS_REVIEW,True,BODY_EVIDENCE,{},True,Is this page authoritative for UNIVERSITY_HOME?
S0318,False,,the university of manchester,www.manchester.ac.uk,https://www.manchester.ac.uk/discover/key-dates/,ACADEMIC_CALENDAR,,PENDING,NEEDS_REVIEW,True,BODY_EVIDENCE,{},True,Is this page authoritative for ACADEMIC_CALENDAR?
S0313,False,,the university of manchester,www.manchester.ac.uk,https://www.manchester.ac.uk/study/,PROGRAM_CATALOG,,PENDING,NEEDS_REVIEW,True,BODY_EVIDENCE,{},True,Is this page authoritative for PROGRAM_CATALOG?
S0319,True,S0313,the university of manchester,www.manchester.ac.uk,https://www.manchester.ac.uk/study/,UNCLASSIFIED,,PENDING,NEEDS_REVIEW,True,BODY_EVIDENCE,{},True,Is this page authoritative for UNCLASSIFIED?
S0315,False,,the university of manchester,www.manchester.ac.uk,https://www.manchester.ac.uk/study/international/admissions/english-language-requirements/,LANGUAGE_REQUIREMENTS,,PENDING,NEEDS_REVIEW,False,DEAD_NOT_FOUND,{},False,Is this page authoritative for LANGUAGE_REQUIREMENTS?
S0311,False,,the university of manchester,www.manchester.ac.uk,https://www.manchester.ac.uk/study/masters/applications/,POSTGRADUATE_ADMISSIONS,TAUGHT_POSTGRADUATE,PENDING,NEEDS_REVIEW,False,DEAD_NOT_FOUND,{},False,Is this page authoritative for POSTGRADUATE_ADMISSIONS?
S0312,False,,the university of manchester,www.manchester.ac.uk,https://www.manchester.ac.uk/study/postgraduate-research/apply/,PHD_ADMISSIONS,RESEARCH_POSTGRADUATE,PENDING,NEEDS_REVIEW,False,DEAD_NOT_FOUND,{},False,Is this page authoritative for PHD_ADMISSIONS?
S0310,False,,the university of manchester,www.manchester.ac.uk,https://www.manchester.ac.uk/study/undergraduate/applications/,UNDERGRADUATE_ADMISSIONS,UNDERGRADUATE,PENDING,NEEDS_REVIEW,True,BODY_EVIDENCE,"{""ADMISSION_REQUIREMENT"": 17, ""APPLICATION_DEADLINE"": 17}",True,Is this page authoritative for UNDERGRADUATE_ADMISSIONS?
S0314,False,,the university of manchester,www.manchester.ac.uk,https://www.manchester.ac.uk/study/undergraduate/applications/entry-requirements/,ENTRY_REQUIREMENTS,,PENDING,NEEDS_REVIEW,True,BODY_EVIDENCE,"{""ADMISSION_REQUIREMENT"": 130}",True,Is this page authoritative for ENTRY_REQUIREMENTS?
S0317,False,,the university of manchester,www.manchester.ac.uk,https://www.manchester.ac.uk/study/undergraduate/applications/how-to-apply/,APPLICATION_DEADLINES,,PENDING,NEEDS_REVIEW,True,BODY_EVIDENCE,"{""APPLICATION_DEADLINE"": 8}",True,Is this page authoritative for APPLICATION_DEADLINES?
S0316,False,,the university of manchester,www.manchester.ac.uk,https://www.manchester.ac.uk/study/undergraduate/student-finance/tuition-fees/,TUITION_FEES,,PENDING,NEEDS_REVIEW,False,DEAD_NOT_FOUND,{},False,Is this page authoritative for TUITION_FEES?
S0197,False,,the university of melbourne,students.unimelb.edu.au,https://students.unimelb.edu.au/your-course/manage-your-course/academic-calendar,ACADEMIC_CALENDAR,,PENDING,NEEDS_REVIEW,False,BLOCKED,{},False,Is this page authoritative for ACADEMIC_CALENDAR?
S0192,False,,the university of melbourne,study.unimelb.edu.au,https://study.unimelb.edu.au/find,PROGRAM_CATALOG,,PENDING,NEEDS_REVIEW,False,BLOCKED,{},False,Is this page authoritative for PROGRAM_CATALOG?
S0198,True,S0192,the university of melbourne,study.unimelb.edu.au,https://study.unimelb.edu.au/find,UNCLASSIFIED,,PENDING,NEEDS_REVIEW,False,BLOCKED,{},False,Is this page authoritative for UNCLASSIFIED?
S0196,False,,the university of melbourne,study.unimelb.edu.au,https://study.unimelb.edu.au/how-to-apply,APPLICATION_DEADLINES,,PENDING,NEEDS_REVIEW,False,BLOCKED,{},False,Is this page authoritative for APPLICATION_DEADLINES?
S0194,False,,the university of melbourne,study.unimelb.edu.au,https://study.unimelb.edu.au/how-to-apply/english-language-requirements,LANGUAGE_REQUIREMENTS,,PENDING,NEEDS_REVIEW,False,BLOCKED,{},False,Is this page authoritative for LANGUAGE_REQUIREMENTS?
S0193,False,,the university of melbourne,study.unimelb.edu.au,https://study.unimelb.edu.au/how-to-apply/entry-requirements,ENTRY_REQUIREMENTS,,PENDING,NEEDS_REVIEW,False,BLOCKED,{},False,Is this page authoritative for ENTRY_REQUIREMENTS?
S0195,False,,the university of melbourne,study.unimelb.edu.au,https://study.unimelb.edu.au/how-to-apply/fees,TUITION_FEES,,PENDING,NEEDS_REVIEW,False,BLOCKED,{},False,Is this page authoritative for TUITION_FEES?
S0190,False,,the university of melbourne,study.unimelb.edu.au,https://study.unimelb.edu.au/how-to-apply/graduate-coursework,POSTGRADUATE_ADMISSIONS,TAUGHT_POSTGRADUATE,PENDING,NEEDS_REVIEW,False,BLOCKED,{},False,Is this page authoritative for POSTGRADUATE_ADMISSIONS?
S0191,False,,the university of melbourne,study.unimelb.edu.au,https://study.unimelb.edu.au/how-to-apply/graduate-research,PHD_ADMISSIONS,RESEARCH_POSTGRADUATE,PENDING,NEEDS_REVIEW,False,BLOCKED,{},False,Is this page authoritative for PHD_ADMISSIONS?
S0189,False,,the university of melbourne,study.unimelb.edu.au,https://study.unimelb.edu.au/how-to-apply/undergraduate-study,UNDERGRADUATE_ADMISSIONS,UNDERGRADUATE,PENDING,NEEDS_REVIEW,False,BLOCKED,{},False,Is this page authoritative for UNDERGRADUATE_ADMISSIONS?
S0188,False,,the university of melbourne,www.unimelb.edu.au,https://www.unimelb.edu.au/,UNIVERSITY_HOME,,PENDING,NEEDS_REVIEW,False,BLOCKED,{},False,Is this page authoritative for UNIVERSITY_HOME?
S0164,False,,the university of new south wales (unsw sydney),www.student.unsw.edu.au,https://www.student.unsw.edu.au/calendar,ACADEMIC_CALENDAR,,PENDING,NEEDS_REVIEW,True,BODY_EVIDENCE,{},True,Is this page authoritative for ACADEMIC_CALENDAR?
S0155,False,,the university of new south wales (unsw sydney),www.unsw.edu.au,https://www.unsw.edu.au/,UNIVERSITY_HOME,,PENDING,NEEDS_REVIEW,True,BODY_EVIDENCE,{},True,Is this page authoritative for UNIVERSITY_HOME?
S0158,False,,the university of new south wales (unsw sydney),www.unsw.edu.au,https://www.unsw.edu.au/research/hdr,PHD_ADMISSIONS,RESEARCH_POSTGRADUATE,PENDING,NEEDS_REVIEW,True,BODY_EVIDENCE,{},True,Is this page authoritative for PHD_ADMISSIONS?
S0165,True,S0158,the university of new south wales (unsw sydney),www.unsw.edu.au,https://www.unsw.edu.au/research/hdr,UNCLASSIFIED,,PENDING,NEEDS_REVIEW,True,BODY_EVIDENCE,{},True,Is this page authoritative for UNCLASSIFIED?
S0159,False,,the university of new south wales (unsw sydney),www.unsw.edu.au,https://www.unsw.edu.au/study,PROGRAM_CATALOG,,PENDING,NEEDS_REVIEW,True,BODY_EVIDENCE,"{""DEGREE_LEVEL"": 2, ""DISCIPLINE_HINT"": 1, ""PROGRAM_NAME"": 2}",True,Is this page authoritative for PROGRAM_CATALOG?
S0163,False,,the university of new south wales (unsw sydney),www.unsw.edu.au,https://www.unsw.edu.au/study/how-to-apply,APPLICATION_DEADLINES,,PENDING,NEEDS_REVIEW,True,BODY_EVIDENCE,{},True,Is this page authoritative for APPLICATION_DEADLINES?
S0161,False,,the university of new south wales (unsw sydney),www.unsw.edu.au,https://www.unsw.edu.au/study/how-to-apply/english-language-requirements,LANGUAGE_REQUIREMENTS,,PENDING,NEEDS_REVIEW,True,BODY_EVIDENCE,"{""LANGUAGE_COMPONENT_SCORE"": 4, ""LANGUAGE_OVERALL_SCORE"": 3, ""LANGUAGE_TEST"": 12}",True,Is this page authoritative for LANGUAGE_REQUIREMENTS?
S0160,False,,the university of new south wales (unsw sydney),www.unsw.edu.au,https://www.unsw.edu.au/study/how-to-apply/entry-requirements,ENTRY_REQUIREMENTS,,PENDING,NEEDS_REVIEW,False,DEAD_NOT_FOUND,{},False,Is this page authoritative for ENTRY_REQUIREMENTS?
S0162,False,,the university of new south wales (unsw sydney),www.unsw.edu.au,https://www.unsw.edu.au/study/how-to-apply/fees,TUITION_FEES,,PENDING,NEEDS_REVIEW,True,BODY_EVIDENCE,"{""TUITION"": 4}",True,Is this page authoritative for TUITION_FEES?
S0157,False,,the university of new south wales (unsw sydney),www.unsw.edu.au,https://www.unsw.edu.au/study/postgraduate,POSTGRADUATE_ADMISSIONS,TAUGHT_POSTGRADUATE,PENDING,NEEDS_REVIEW,True,BODY_EVIDENCE,"{""ADMISSION_REQUIREMENT"": 2}",True,Is this page authoritative for POSTGRADUATE_ADMISSIONS?
S0156,False,,the university of new south wales (unsw sydney),www.unsw.edu.au,https://www.unsw.edu.au/study/undergraduate,UNDERGRADUATE_ADMISSIONS,UNDERGRADUATE,PENDING,NEEDS_REVIEW,True,BODY_EVIDENCE,"{""ADMISSION_REQUIREMENT"": 3}",True,Is this page authoritative for UNDERGRADUATE_ADMISSIONS?
S0329,False,,the university of queensland,about.uq.edu.au,https://about.uq.edu.au/academic-calendar,ACADEMIC_CALENDAR,,PENDING,NEEDS_REVIEW,False,BLOCKED,{},False,Is this page authoritative for ACADEMIC_CALENDAR?
S0328,False,,the university of queensland,study.uq.edu.au,https://study.uq.edu.au/admissions,APPLICATION_DEADLINES,,PENDING,NEEDS_REVIEW,False,BLOCKED,{},False,Is this page authoritative for APPLICATION_DEADLINES?
S0326,False,,the university of queensland,study.uq.edu.au,https://study.uq.edu.au/admissions/english-language-requirements,LANGUAGE_REQUIREMENTS,,PENDING,NEEDS_REVIEW,False,BLOCKED,{},False,Is this page authoritative for LANGUAGE_REQUIREMENTS?
S0325,False,,the university of queensland,study.uq.edu.au,https://study.uq.edu.au/admissions/entry-requirements,ENTRY_REQUIREMENTS,,PENDING,NEEDS_REVIEW,False,BLOCKED,{},False,Is this page authoritative for ENTRY_REQUIREMENTS?
S0327,False,,the university of queensland,study.uq.edu.au,https://study.uq.edu.au/admissions/fees,TUITION_FEES,,PENDING,NEEDS_REVIEW,False,BLOCKED,{},False,Is this page authoritative for TUITION_FEES?
S0323,False,,the university of queensland,study.uq.edu.au,https://study.uq.edu.au/admissions/graduate-school,PHD_ADMISSIONS,RESEARCH_POSTGRADUATE,PENDING,NEEDS_REVIEW,False,BLOCKED,{},False,Is this page authoritative for PHD_ADMISSIONS?
S0322,False,,the university of queensland,study.uq.edu.au,https://study.uq.edu.au/admissions/postgraduate,POSTGRADUATE_ADMISSIONS,TAUGHT_POSTGRADUATE,PENDING,NEEDS_REVIEW,False,BLOCKED,{},False,Is this page authoritative for POSTGRADUATE_ADMISSIONS?
S0321,False,,the university of queensland,study.uq.edu.au,https://study.uq.edu.au/admissions/undergraduate,UNDERGRADUATE_ADMISSIONS,UNDERGRADUATE,PENDING,NEEDS_REVIEW,False,BLOCKED,{},False,Is this page authoritative for UNDERGRADUATE_ADMISSIONS?
S0324,False,,the university of queensland,study.uq.edu.au,https://study.uq.edu.au/programs,PROGRAM_CATALOG,,PENDING,NEEDS_REVIEW,False,BLOCKED,{},False,Is this page authoritative for PROGRAM_CATALOG?
S0330,True,S0324,the university of queensland,study.uq.edu.au,https://study.uq.edu.au/programs,UNCLASSIFIED,,PENDING,NEEDS_REVIEW,False,BLOCKED,{},False,Is this page authoritative for UNCLASSIFIED?
S0320,False,,the university of queensland,www.uq.edu.au,https://www.uq.edu.au/,UNIVERSITY_HOME,,PENDING,NEEDS_REVIEW,True,BODY_EVIDENCE,{},True,Is this page authoritative for UNIVERSITY_HOME?
S0221,False,,the university of sydney,www.sydney.edu.au,https://www.sydney.edu.au/,UNIVERSITY_HOME,,PENDING,NEEDS_REVIEW,True,BODY_EVIDENCE,{},True,Is this page authoritative for UNIVERSITY_HOME?
S0225,False,,the university of sydney,www.sydney.edu.au,https://www.sydney.edu.au/courses.html,PROGRAM_CATALOG,,PENDING,NEEDS_REVIEW,True,BODY_EVIDENCE,{},True,Is this page authoritative for PROGRAM_CATALOG?
S0231,True,S0225,the university of sydney,www.sydney.edu.au,https://www.sydney.edu.au/courses.html,UNCLASSIFIED,,PENDING,NEEDS_REVIEW,True,BODY_EVIDENCE,{},True,Is this page authoritative for UNCLASSIFIED?
S0230,False,,the university of sydney,www.sydney.edu.au,https://www.sydney.edu.au/students/key-dates.html,ACADEMIC_CALENDAR,,PENDING,NEEDS_REVIEW,True,BODY_EVIDENCE,"{""ACADEMIC_CALENDAR_EVENT"": 1}",True,Is this page authoritative for ACADEMIC_CALENDAR?
S0226,False,,the university of sydney,www.sydney.edu.au,https://www.sydney.edu.au/study/applying/admission-requirements.html,ENTRY_REQUIREMENTS,,PENDING,NEEDS_REVIEW,False,DEAD_NOT_FOUND,{},False,Is this page authoritative for ENTRY_REQUIREMENTS?
S0229,False,,the university of sydney,www.sydney.edu.au,https://www.sydney.edu.au/study/applying/application-dates.html,APPLICATION_DEADLINES,,PENDING,NEEDS_REVIEW,True,BODY_EVIDENCE,{},True,Is this page authoritative for APPLICATION_DEADLINES?
S0227,False,,the university of sydney,www.sydney.edu.au,https://www.sydney.edu.au/study/applying/english-language-requirements.html,LANGUAGE_REQUIREMENTS,,PENDING,NEEDS_REVIEW,False,DEAD_NOT_FOUND,{},False,Is this page authoritative for LANGUAGE_REQUIREMENTS?
S0223,False,,the university of sydney,www.sydney.edu.au,https://www.sydney.edu.au/study/applying/how-to-apply/postgraduate-coursework.html,POSTGRADUATE_ADMISSIONS,TAUGHT_POSTGRADUATE,PENDING,NEEDS_REVIEW,True,BODY_EVIDENCE,"{""ADMISSION_REQUIREMENT"": 17, ""APPLICATION_DEADLINE"": 1}",True,Is this page authoritative for POSTGRADUATE_ADMISSIONS?
S0224,False,,the university of sydney,www.sydney.edu.au,https://www.sydney.edu.au/study/applying/how-to-apply/postgraduate-research.html,PHD_ADMISSIONS,RESEARCH_POSTGRADUATE,PENDING,NEEDS_REVIEW,True,BODY_EVIDENCE,"{""ADMISSION_REQUIREMENT"": 27}",True,Is this page authoritative for PHD_ADMISSIONS?
S0222,False,,the university of sydney,www.sydney.edu.au,https://www.sydney.edu.au/study/applying/how-to-apply/undergraduate.html,UNDERGRADUATE_ADMISSIONS,UNDERGRADUATE,PENDING,NEEDS_REVIEW,True,BODY_EVIDENCE,"{""ADMISSION_REQUIREMENT"": 18}",True,Is this page authoritative for UNDERGRADUATE_ADMISSIONS?
S0228,False,,the university of sydney,www.sydney.edu.au,https://www.sydney.edu.au/study/fees-and-loans.html,TUITION_FEES,,PENDING,NEEDS_REVIEW,True,BODY_EVIDENCE,{},True,Is this page authoritative for TUITION_FEES?
S0067,False,,ucl,www.ucl.ac.uk,https://www.ucl.ac.uk/,UNIVERSITY_HOME,,PENDING,NEEDS_REVIEW,True,BODY_EVIDENCE,{},True,Is this page authoritative for UNIVERSITY_HOME?
S0071,False,,ucl,www.ucl.ac.uk,https://www.ucl.ac.uk/prospective-students/,PROGRAM_CATALOG,,PENDING,NEEDS_REVIEW,True,BODY_EVIDENCE,"{""DEGREE_LEVEL"": 3, ""PROGRAM_NAME"": 3}",True,Is this page authoritative for PROGRAM_CATALOG?
S0069,False,,ucl,www.ucl.ac.uk,https://www.ucl.ac.uk/prospective-students/graduate,POSTGRADUATE_ADMISSIONS,TAUGHT_POSTGRADUATE,PENDING,NEEDS_REVIEW,True,BODY_EVIDENCE,"{""ADMISSION_REQUIREMENT"": 6}",True,Is this page authoritative for POSTGRADUATE_ADMISSIONS?
S0077,True,S0069,ucl,www.ucl.ac.uk,https://www.ucl.ac.uk/prospective-students/graduate,UNCLASSIFIED,,PENDING,NEEDS_REVIEW,True,BODY_EVIDENCE,{},True,Is this page authoritative for UNCLASSIFIED?
S0073,False,,ucl,www.ucl.ac.uk,https://www.ucl.ac.uk/prospective-students/graduate/english-language-requirements,LANGUAGE_REQUIREMENTS,,PENDING,NEEDS_REVIEW,True,BODY_EVIDENCE,"{""LANGUAGE_TEST"": 12}",True,Is this page authoritative for LANGUAGE_REQUIREMENTS?
S0070,False,,ucl,www.ucl.ac.uk,https://www.ucl.ac.uk/prospective-students/graduate/research-degrees,PHD_ADMISSIONS,RESEARCH_POSTGRADUATE,PENDING,NEEDS_REVIEW,True,BODY_EVIDENCE,"{""ADMISSION_REQUIREMENT"": 5}",True,Is this page authoritative for PHD_ADMISSIONS?
S0068,False,,ucl,www.ucl.ac.uk,https://www.ucl.ac.uk/prospective-students/undergraduate,UNDERGRADUATE_ADMISSIONS,UNDERGRADUATE,PENDING,NEEDS_REVIEW,True,BODY_EVIDENCE,"{""APPLICATION_DEADLINE"": 1}",True,Is this page authoritative for UNDERGRADUATE_ADMISSIONS?
S0075,False,,ucl,www.ucl.ac.uk,https://www.ucl.ac.uk/prospective-students/undergraduate/applying-ucl,APPLICATION_DEADLINES,,PENDING,NEEDS_REVIEW,False,DEAD_NOT_FOUND,{},False,Is this page authoritative for APPLICATION_DEADLINES?
S0072,False,,ucl,www.ucl.ac.uk,https://www.ucl.ac.uk/prospective-students/undergraduate/entry-requirements,ENTRY_REQUIREMENTS,,PENDING,NEEDS_REVIEW,True,BODY_EVIDENCE,"{""ADMISSION_REQUIREMENT"": 153}",True,Is this page authoritative for ENTRY_REQUIREMENTS?
S0074,False,,ucl,www.ucl.ac.uk,https://www.ucl.ac.uk/students/fees-and-funding,TUITION_FEES,,PENDING,NEEDS_REVIEW,True,BODY_EVIDENCE,{},True,Is this page authoritative for TUITION_FEES?
S0076,False,,ucl,www.ucl.ac.uk,https://www.ucl.ac.uk/students/term-dates,ACADEMIC_CALENDAR,,PENDING,NEEDS_REVIEW,False,DEAD_NOT_FOUND,{},False,Is this page authoritative for ACADEMIC_CALENDAR?
S0360,False,,university of british columbia,students.ubc.ca,https://students.ubc.ca/enrolment/finances/tuition-fees,TUITION_FEES,,PENDING,NEEDS_REVIEW,True,BODY_EVIDENCE,{},True,Is this page authoritative for TUITION_FEES?
S0357,False,,university of british columbia,www.calendar.ubc.ca,https://www.calendar.ubc.ca/,PROGRAM_CATALOG,,PENDING,NEEDS_REVIEW,True,BODY_EVIDENCE,{},True,Is this page authoritative for PROGRAM_CATALOG?
S0362,False,,university of british columbia,www.calendar.ubc.ca,https://www.calendar.ubc.ca/vancouver/index.cfm?tree=2%2C0%2C0%2C0,ACADEMIC_CALENDAR,,PENDING,NEEDS_REVIEW,True,BODY_EVIDENCE,{},True,Is this page authoritative for ACADEMIC_CALENDAR?
S0359,False,,university of british columbia,www.grad.ubc.ca,https://www.grad.ubc.ca/prospective-students/application-admission/english-language-test,LANGUAGE_REQUIREMENTS,,PENDING,NEEDS_REVIEW,True,BODY_EVIDENCE,"{""LANGUAGE_OVERALL_SCORE"": 1, ""LANGUAGE_TEST"": 23}",True,Is this page authoritative for LANGUAGE_REQUIREMENTS?
S0355,False,,university of british columbia,www.grad.ubc.ca,https://www.grad.ubc.ca/prospective-students/graduate-degree-programs,POSTGRADUATE_ADMISSIONS,TAUGHT_POSTGRADUATE,PENDING,NEEDS_REVIEW,True,BODY_EVIDENCE,{},True,Is this page authoritative for POSTGRADUATE_ADMISSIONS?
S0356,True,S0355,university of british columbia,www.grad.ubc.ca,https://www.grad.ubc.ca/prospective-students/graduate-degree-programs,PHD_ADMISSIONS,RESEARCH_POSTGRADUATE,PENDING,NEEDS_REVIEW,True,BODY_EVIDENCE,{},True,Is this page authoritative for PHD_ADMISSIONS?
S0363,True,S0355,university of british columbia,www.grad.ubc.ca,https://www.grad.ubc.ca/prospective-students/graduate-degree-programs,UNCLASSIFIED,,PENDING,NEEDS_REVIEW,True,BODY_EVIDENCE,{},True,Is this page authoritative for UNCLASSIFIED?
S0353,False,,university of british columbia,www.ubc.ca,https://www.ubc.ca/,UNIVERSITY_HOME,,PENDING,NEEDS_REVIEW,True,BODY_EVIDENCE,{},True,Is this page authoritative for UNIVERSITY_HOME?
S0354,False,,university of british columbia,you.ubc.ca,https://you.ubc.ca/applying-ubc/,UNDERGRADUATE_ADMISSIONS,UNDERGRADUATE,PENDING,NEEDS_REVIEW,True,BODY_EVIDENCE,"{""ADMISSION_REQUIREMENT"": 1}",True,Is this page authoritative for UNDERGRADUATE_ADMISSIONS?
S0361,False,,university of british columbia,you.ubc.ca,https://you.ubc.ca/applying-ubc/dates-deadlines/,APPLICATION_DEADLINES,,PENDING,NEEDS_REVIEW,True,BODY_EVIDENCE,"{""APPLICATION_DEADLINE"": 1}",True,Is this page authoritative for APPLICATION_DEADLINES?
S0358,False,,university of british columbia,you.ubc.ca,https://you.ubc.ca/applying-ubc/requirements/,ENTRY_REQUIREMENTS,,PENDING,NEEDS_REVIEW,True,BODY_EVIDENCE,"{""ADMISSION_REQUIREMENT"": 1}",True,Is this page authoritative for ENTRY_REQUIREMENTS?
S0178,False,,"university of california, berkeley (ucb)",admissions.berkeley.edu,https://admissions.berkeley.edu/,UNDERGRADUATE_ADMISSIONS,UNDERGRADUATE,PENDING,NEEDS_REVIEW,True,BODY_EVIDENCE,"{""ADMISSION_REQUIREMENT"": 7}",True,Is this page authoritative for UNDERGRADUATE_ADMISSIONS?
S0182,False,,"university of california, berkeley (ucb)",admissions.berkeley.edu,https://admissions.berkeley.edu/apply-to-berkeley/,ENTRY_REQUIREMENTS,,PENDING,NEEDS_REVIEW,True,BODY_EVIDENCE,"{""ADMISSION_REQUIREMENT"": 3}",True,Is this page authoritative for ENTRY_REQUIREMENTS?
S0185,True,S0182,"university of california, berkeley (ucb)",admissions.berkeley.edu,https://admissions.berkeley.edu/apply-to-berkeley/,APPLICATION_DEADLINES,,PENDING,NEEDS_REVIEW,True,BODY_EVIDENCE,"{""APPLICATION_DEADLINE"": 1}",True,Is this page authoritative for APPLICATION_DEADLINES?
S0184,False,,"university of california, berkeley (ucb)",financialaid.berkeley.edu,https://financialaid.berkeley.edu/how-aid-works/student-budgets-cost-of-attendance/,TUITION_FEES,,PENDING,NEEDS_REVIEW,True,BODY_EVIDENCE,"{""TUITION"": 12}",True,Is this page authoritative for TUITION_FEES?
S0179,False,,"university of california, berkeley (ucb)",grad.berkeley.edu,https://grad.berkeley.edu/admissions/,POSTGRADUATE_ADMISSIONS,TAUGHT_POSTGRADUATE,PENDING,NEEDS_REVIEW,True,BODY_EVIDENCE,"{""ADMISSION_REQUIREMENT"": 16}",True,Is this page authoritative for POSTGRADUATE_ADMISSIONS?
S0180,True,S0179,"university of california, berkeley (ucb)",grad.berkeley.edu,https://grad.berkeley.edu/admissions/,PHD_ADMISSIONS,RESEARCH_POSTGRADUATE,PENDING,NEEDS_REVIEW,True,BODY_EVIDENCE,{},True,Is this page authoritative for PHD_ADMISSIONS?
S0187,True,S0179,"university of california, berkeley (ucb)",grad.berkeley.edu,https://grad.berkeley.edu/admissions/,UNCLASSIFIED,,PENDING,NEEDS_REVIEW,True,BODY_EVIDENCE,{},True,Is this page authoritative for UNCLASSIFIED?
S0183,False,,"university of california, berkeley (ucb)",grad.berkeley.edu,https://grad.berkeley.edu/admissions/requirements/,LANGUAGE_REQUIREMENTS,,PENDING,NEEDS_REVIEW,True,BODY_EVIDENCE,"{""LANGUAGE_TEST"": 20}",True,Is this page authoritative for LANGUAGE_REQUIREMENTS?
S0181,False,,"university of california, berkeley (ucb)",guide.berkeley.edu,https://guide.berkeley.edu/,PROGRAM_CATALOG,,PENDING,NEEDS_REVIEW,True,BODY_EVIDENCE,"{""DEGREE_LEVEL"": 1, ""PROGRAM_NAME"": 1}",True,Is this page authoritative for PROGRAM_CATALOG?
S0186,False,,"university of california, berkeley (ucb)",registrar.berkeley.edu,https://registrar.berkeley.edu/calendar/,ACADEMIC_CALENDAR,,PENDING,NEEDS_REVIEW,True,BODY_EVIDENCE,{},True,Is this page authoritative for ACADEMIC_CALENDAR?
S0177,False,,"university of california, berkeley (ucb)",www.berkeley.edu,https://www.berkeley.edu/,UNIVERSITY_HOME,,PENDING,NEEDS_REVIEW,True,BODY_EVIDENCE,{},True,Is this page authoritative for UNIVERSITY_HOME?
S0365,False,,"university of california, los angeles (ucla)",admission.ucla.edu,https://admission.ucla.edu/,UNDERGRADUATE_ADMISSIONS,UNDERGRADUATE,PENDING,NEEDS_REVIEW,True,BODY_EVIDENCE,{},True,Is this page authoritative for UNDERGRADUATE_ADMISSIONS?
S0369,False,,"university of california, los angeles (ucla)",admission.ucla.edu,https://admission.ucla.edu/apply,ENTRY_REQUIREMENTS,,PENDING,NEEDS_REVIEW,True,BODY_EVIDENCE,{},True,Is this page authoritative for ENTRY_REQUIREMENTS?
S0372,True,S0369,"university of california, los angeles (ucla)",admission.ucla.edu,https://admission.ucla.edu/apply,APPLICATION_DEADLINES,,PENDING,NEEDS_REVIEW,True,BODY_EVIDENCE,"{""APPLICATION_DEADLINE"": 4}",True,Is this page authoritative for APPLICATION_DEADLINES?
S0368,False,,"university of california, los angeles (ucla)",catalog.registrar.ucla.edu,https://catalog.registrar.ucla.edu/,PROGRAM_CATALOG,,PENDING,NEEDS_REVIEW,True,BODY_EVIDENCE,{},True,Is this page authoritative for PROGRAM_CATALOG?
S0371,False,,"university of california, los angeles (ucla)",financialaid.ucla.edu,https://financialaid.ucla.edu/undergraduate/costs,TUITION_FEES,,PENDING,NEEDS_REVIEW,False,DEAD_NOT_FOUND,{},False,Is this page authoritative for TUITION_FEES?
S0366,False,,"university of california, los angeles (ucla)",grad.ucla.edu,https://grad.ucla.edu/admissions/,POSTGRADUATE_ADMISSIONS,TAUGHT_POSTGRADUATE,PENDING,NEEDS_REVIEW,True,BODY_EVIDENCE,"{""ADMISSION_REQUIREMENT"": 7}",True,Is this page authoritative for POSTGRADUATE_ADMISSIONS?
S0367,True,S0366,"university of california, los angeles (ucla)",grad.ucla.edu,https://grad.ucla.edu/admissions/,PHD_ADMISSIONS,RESEARCH_POSTGRADUATE,PENDING,NEEDS_REVIEW,True,BODY_EVIDENCE,{},True,Is this page authoritative for PHD_ADMISSIONS?
S0374,True,S0366,"university of california, los angeles (ucla)",grad.ucla.edu,https://grad.ucla.edu/admissions/,UNCLASSIFIED,,PENDING,NEEDS_REVIEW,True,BODY_EVIDENCE,{},True,Is this page authoritative for UNCLASSIFIED?
S0370,False,,"university of california, los angeles (ucla)",grad.ucla.edu,https://grad.ucla.edu/admissions/requirements/,LANGUAGE_REQUIREMENTS,,PENDING,NEEDS_REVIEW,True,BODY_EVIDENCE,{},True,Is this page authoritative for LANGUAGE_REQUIREMENTS?
S0373,False,,"university of california, los angeles (ucla)",www.registrar.ucla.edu,https://www.registrar.ucla.edu/term-calendar,ACADEMIC_CALENDAR,,PENDING,NEEDS_REVIEW,True,BODY_EVIDENCE,{},True,Is this page authoritative for ACADEMIC_CALENDAR?
S0364,False,,"university of california, los angeles (ucla)",www.ucla.edu,https://www.ucla.edu/,UNIVERSITY_HOME,,PENDING,NEEDS_REVIEW,True,BODY_EVIDENCE,{},True,Is this page authoritative for UNIVERSITY_HOME?
S0045,False,,university of cambridge,www.cam.ac.uk,https://www.cam.ac.uk/,UNIVERSITY_HOME,,PENDING,NEEDS_REVIEW,True,BODY_EVIDENCE,{},True,Is this page authoritative for UNIVERSITY_HOME?
S0054,False,,university of cambridge,www.cam.ac.uk,https://www.cam.ac.uk/about-the-university/term-dates-and-calendars,ACADEMIC_CALENDAR,,PENDING,NEEDS_REVIEW,True,BODY_EVIDENCE,"{""ACADEMIC_CALENDAR_EVENT"": 2}",True,Is this page authoritative for ACADEMIC_CALENDAR?
S0047,False,,university of cambridge,www.postgraduate.study.cam.ac.uk,https://www.postgraduate.study.cam.ac.uk/application-process,POSTGRADUATE_ADMISSIONS,TAUGHT_POSTGRADUATE,PENDING,NEEDS_REVIEW,True,BODY_EVIDENCE,"{""ADMISSION_REQUIREMENT"": 1}",True,Is this page authoritative for POSTGRADUATE_ADMISSIONS?
S0051,False,,university of cambridge,www.postgraduate.study.cam.ac.uk,https://www.postgraduate.study.cam.ac.uk/apply/how/english-language-requirements,LANGUAGE_REQUIREMENTS,,PENDING,NEEDS_REVIEW,False,DEAD_NOT_FOUND,{},False,Is this page authoritative for LANGUAGE_REQUIREMENTS?
S0048,False,,university of cambridge,www.postgraduate.study.cam.ac.uk,https://www.postgraduate.study.cam.ac.uk/courses,PHD_ADMISSIONS,RESEARCH_POSTGRADUATE,PENDING,NEEDS_REVIEW,True,BODY_EVIDENCE,{},True,Is this page authoritative for PHD_ADMISSIONS?
S0055,True,S0048,university of cambridge,www.postgraduate.study.cam.ac.uk,https://www.postgraduate.study.cam.ac.uk/courses,UNCLASSIFIED,,PENDING,NEEDS_REVIEW,True,BODY_EVIDENCE,{},True,Is this page authoritative for UNCLASSIFIED?
S0052,False,,university of cambridge,www.postgraduate.study.cam.ac.uk,https://www.postgraduate.study.cam.ac.uk/finance/fees,TUITION_FEES,,PENDING,NEEDS_REVIEW,True,BODY_EVIDENCE,"{""TUITION"": 3}",True,Is this page authoritative for TUITION_FEES?
S0046,False,,university of cambridge,www.undergraduate.study.cam.ac.uk,https://www.undergraduate.study.cam.ac.uk/apply,UNDERGRADUATE_ADMISSIONS,UNDERGRADUATE,PENDING,NEEDS_REVIEW,True,BODY_EVIDENCE,"{""ADMISSION_REQUIREMENT"": 3, ""APPLICATION_DEADLINE"": 1}",True,Is this page authoritative for UNDERGRADUATE_ADMISSIONS?
S0050,False,,university of cambridge,www.undergraduate.study.cam.ac.uk,https://www.undergraduate.study.cam.ac.uk/apply/before/academic-requirements,ENTRY_REQUIREMENTS,,PENDING,NEEDS_REVIEW,False,DEAD_NOT_FOUND,{},False,Is this page authoritative for ENTRY_REQUIREMENTS?
S0053,False,,university of cambridge,www.undergraduate.study.cam.ac.uk,https://www.undergraduate.study.cam.ac.uk/apply/when,APPLICATION_DEADLINES,,PENDING,NEEDS_REVIEW,False,DEAD_NOT_FOUND,{},False,Is this page authoritative for APPLICATION_DEADLINES?
S0049,False,,university of cambridge,www.undergraduate.study.cam.ac.uk,https://www.undergraduate.study.cam.ac.uk/courses,PROGRAM_CATALOG,,PENDING,NEEDS_REVIEW,True,BODY_EVIDENCE,{},True,Is this page authoritative for PROGRAM_CATALOG?
S0208,False,,university of chicago,academic-calendar.uchicago.edu,https://academic-calendar.uchicago.edu/,ACADEMIC_CALENDAR,,PENDING,NEEDS_REVIEW,False,BLOCKED,{},False,Is this page authoritative for ACADEMIC_CALENDAR?
S0203,False,,university of chicago,catalog.uchicago.edu,https://catalog.uchicago.edu/,PROGRAM_CATALOG,,PENDING,NEEDS_REVIEW,True,BODY_EVIDENCE,"{""DEGREE_LEVEL"": 4, ""PROGRAM_NAME"": 4}",True,Is this page authoritative for PROGRAM_CATALOG?
S0200,False,,university of chicago,collegeadmissions.uchicago.edu,https://collegeadmissions.uchicago.edu/,UNDERGRADUATE_ADMISSIONS,UNDERGRADUATE,PENDING,NEEDS_REVIEW,True,BODY_EVIDENCE,{},True,Is this page authoritative for UNDERGRADUATE_ADMISSIONS?
S0204,False,,university of chicago,collegeadmissions.uchicago.edu,https://collegeadmissions.uchicago.edu/apply,ENTRY_REQUIREMENTS,,PENDING,NEEDS_REVIEW,True,BODY_EVIDENCE,{},True,Is this page authoritative for ENTRY_REQUIREMENTS?
S0207,True,S0204,university of chicago,collegeadmissions.uchicago.edu,https://collegeadmissions.uchicago.edu/apply,APPLICATION_DEADLINES,,PENDING,NEEDS_REVIEW,True,BODY_EVIDENCE,{},True,Is this page authoritative for APPLICATION_DEADLINES?
S0206,False,,university of chicago,collegeadmissions.uchicago.edu,https://collegeadmissions.uchicago.edu/cost-aid,TUITION_FEES,,PENDING,NEEDS_REVIEW,True,BODY_EVIDENCE,{},True,Is this page authoritative for TUITION_FEES?
S0201,False,,university of chicago,grad.uchicago.edu,https://grad.uchicago.edu/admissions/,POSTGRADUATE_ADMISSIONS,TAUGHT_POSTGRADUATE,PENDING,NEEDS_REVIEW,True,BODY_EVIDENCE,"{""ADMISSION_REQUIREMENT"": 25}",True,Is this page authoritative for POSTGRADUATE_ADMISSIONS?
S0202,True,S0201,university of chicago,grad.uchicago.edu,https://grad.uchicago.edu/admissions/,PHD_ADMISSIONS,RESEARCH_POSTGRADUATE,PENDING,NEEDS_REVIEW,True,BODY_EVIDENCE,{},True,Is this page authoritative for PHD_ADMISSIONS?
S0209,True,S0201,university of chicago,grad.uchicago.edu,https://grad.uchicago.edu/admissions/,UNCLASSIFIED,,PENDING,NEEDS_REVIEW,True,BODY_EVIDENCE,{},True,Is this page authoritative for UNCLASSIFIED?
S0205,False,,university of chicago,grad.uchicago.edu,https://grad.uchicago.edu/admissions/application-process/,LANGUAGE_REQUIREMENTS,,PENDING,NEEDS_REVIEW,False,DEAD_NOT_FOUND,{},False,Is this page authoritative for LANGUAGE_REQUIREMENTS?
S0199,False,,university of chicago,www.uchicago.edu,https://www.uchicago.edu/,UNIVERSITY_HOME,,PENDING,NEEDS_REVIEW,False,BLOCKED,{},False,Is this page authoritative for UNIVERSITY_HOME?
S0023,False,,university of oxford,www.ox.ac.uk,https://www.ox.ac.uk/,UNIVERSITY_HOME,,PENDING,NEEDS_REVIEW,False,BLOCKED,{},False,Is this page authoritative for UNIVERSITY_HOME?
S0032,False,,university of oxford,www.ox.ac.uk,https://www.ox.ac.uk/about/facts-and-figures/dates-of-term,ACADEMIC_CALENDAR,,PENDING,NEEDS_REVIEW,False,BLOCKED,{},False,Is this page authoritative for ACADEMIC_CALENDAR?
S0025,False,,university of oxford,www.ox.ac.uk,https://www.ox.ac.uk/admissions/graduate,POSTGRADUATE_ADMISSIONS,TAUGHT_POSTGRADUATE,PENDING,NEEDS_REVIEW,False,BLOCKED,{},False,Is this page authoritative for POSTGRADUATE_ADMISSIONS?
S0026,True,S0025,university of oxford,www.ox.ac.uk,https://www.ox.ac.uk/admissions/graduate,PHD_ADMISSIONS,RESEARCH_POSTGRADUATE,PENDING,NEEDS_REVIEW,False,BLOCKED,{},False,Is this page authoritative for PHD_ADMISSIONS?
S0029,False,,university of oxford,www.ox.ac.uk,https://www.ox.ac.uk/admissions/graduate/applying-to-oxford/application-guide/entry-requirements/english-language-requirements,LANGUAGE_REQUIREMENTS,,PENDING,NEEDS_REVIEW,False,BLOCKED,{},False,Is this page authoritative for LANGUAGE_REQUIREMENTS?
S0027,False,,university of oxford,www.ox.ac.uk,https://www.ox.ac.uk/admissions/graduate/courses,PROGRAM_CATALOG,,PENDING,NEEDS_REVIEW,False,BLOCKED,{},False,Is this page authoritative for PROGRAM_CATALOG?
S0033,True,S0027,university of oxford,www.ox.ac.uk,https://www.ox.ac.uk/admissions/graduate/courses,UNCLASSIFIED,,PENDING,NEEDS_REVIEW,False,BLOCKED,{},False,Is this page authoritative for UNCLASSIFIED?
S0024,False,,university of oxford,www.ox.ac.uk,https://www.ox.ac.uk/admissions/undergraduate,UNDERGRADUATE_ADMISSIONS,UNDERGRADUATE,PENDING,NEEDS_REVIEW,False,BLOCKED,{},False,Is this page authoritative for UNDERGRADUATE_ADMISSIONS?
S0031,False,,university of oxford,www.ox.ac.uk,https://www.ox.ac.uk/admissions/undergraduate/applying-to-oxford/guide,APPLICATION_DEADLINES,,PENDING,NEEDS_REVIEW,False,BLOCKED,{},False,Is this page authoritative for APPLICATION_DEADLINES?
S0028,False,,university of oxford,www.ox.ac.uk,https://www.ox.ac.uk/admissions/undergraduate/courses/course-requirements,ENTRY_REQUIREMENTS,,PENDING,NEEDS_REVIEW,False,BLOCKED,{},False,Is this page authoritative for ENTRY_REQUIREMENTS?
S0030,False,,university of oxford,www.ox.ac.uk,https://www.ox.ac.uk/students/fees-funding,TUITION_FEES,,PENDING,NEEDS_REVIEW,False,BLOCKED,{},False,Is this page authoritative for TUITION_FEES?
S0112,False,,university of pennsylvania,admissions.upenn.edu,https://admissions.upenn.edu/,UNDERGRADUATE_ADMISSIONS,UNDERGRADUATE,PENDING,NEEDS_REVIEW,True,BODY_EVIDENCE,{},True,Is this page authoritative for UNDERGRADUATE_ADMISSIONS?
S0119,False,,university of pennsylvania,admissions.upenn.edu,https://admissions.upenn.edu/admissions-and-financial-aid/first-year-applicants,APPLICATION_DEADLINES,,PENDING,NEEDS_REVIEW,False,DEAD_NOT_FOUND,{},False,Is this page authoritative for APPLICATION_DEADLINES?
S0117,False,,university of pennsylvania,admissions.upenn.edu,https://admissions.upenn.edu/admissions-and-financial-aid/international-applicants,LANGUAGE_REQUIREMENTS,,PENDING,NEEDS_REVIEW,False,DEAD_NOT_FOUND,{},False,Is this page authoritative for LANGUAGE_REQUIREMENTS?
S0116,False,,university of pennsylvania,admissions.upenn.edu,https://admissions.upenn.edu/admissions-and-financial-aid/what-penn-looks-for,ENTRY_REQUIREMENTS,,PENDING,NEEDS_REVIEW,True,BODY_EVIDENCE,{},True,Is this page authoritative for ENTRY_REQUIREMENTS?
S0120,False,,university of pennsylvania,almanac.upenn.edu,https://almanac.upenn.edu/penn-academic-calendar,ACADEMIC_CALENDAR,,PENDING,NEEDS_REVIEW,True,BODY_EVIDENCE,{},True,Is this page authoritative for ACADEMIC_CALENDAR?
S0115,False,,university of pennsylvania,catalog.upenn.edu,https://catalog.upenn.edu/,PROGRAM_CATALOG,,PENDING,NEEDS_REVIEW,False,OTHER_HTTP,{},False,Is this page authoritative for PROGRAM_CATALOG?
S0118,False,,university of pennsylvania,srfs.upenn.edu,https://srfs.upenn.edu/costs-budgeting/undergraduate,TUITION_FEES,,PENDING,NEEDS_REVIEW,False,DEAD_NOT_FOUND,{},False,Is this page authoritative for TUITION_FEES?
S0113,False,,university of pennsylvania,www.gsas.upenn.edu,https://www.gsas.upenn.edu/graduate-admissions,POSTGRADUATE_ADMISSIONS,TAUGHT_POSTGRADUATE,PENDING,NEEDS_REVIEW,False,DEAD_HOST,{},False,Is this page authoritative for POSTGRADUATE_ADMISSIONS?
S0114,True,S0113,university of pennsylvania,www.gsas.upenn.edu,https://www.gsas.upenn.edu/graduate-admissions,PHD_ADMISSIONS,RESEARCH_POSTGRADUATE,PENDING,NEEDS_REVIEW,False,DEAD_HOST,{},False,Is this page authoritative for PHD_ADMISSIONS?
S0121,True,S0113,university of pennsylvania,www.gsas.upenn.edu,https://www.gsas.upenn.edu/graduate-admissions,UNCLASSIFIED,,PENDING,NEEDS_REVIEW,False,DEAD_HOST,{},False,Is this page authoritative for UNCLASSIFIED?
S0111,False,,university of pennsylvania,www.upenn.edu,https://www.upenn.edu/,UNIVERSITY_HOME,,PENDING,NEEDS_REVIEW,True,BODY_EVIDENCE,{},True,Is this page authoritative for UNIVERSITY_HOME?
S0269,False,,university of toronto,artsci.calendar.utoronto.ca,https://artsci.calendar.utoronto.ca/,PROGRAM_CATALOG,,PENDING,NEEDS_REVIEW,True,BODY_EVIDENCE,{},True,Is this page authoritative for PROGRAM_CATALOG?
S0266,False,,university of toronto,future.utoronto.ca,https://future.utoronto.ca/,UNDERGRADUATE_ADMISSIONS,UNDERGRADUATE,PENDING,NEEDS_REVIEW,True,BODY_EVIDENCE,"{""ADMISSION_REQUIREMENT"": 1}",True,Is this page authoritative for UNDERGRADUATE_ADMISSIONS?
S0273,False,,university of toronto,future.utoronto.ca,https://future.utoronto.ca/apply/applying/,APPLICATION_DEADLINES,,PENDING,NEEDS_REVIEW,True,BODY_EVIDENCE,{},True,Is this page authoritative for APPLICATION_DEADLINES?
S0270,False,,university of toronto,future.utoronto.ca,https://future.utoronto.ca/apply/requirements/,ENTRY_REQUIREMENTS,,PENDING,NEEDS_REVIEW,True,BODY_EVIDENCE,"{""ADMISSION_REQUIREMENT"": 11}",True,Is this page authoritative for ENTRY_REQUIREMENTS?
S0272,False,,university of toronto,future.utoronto.ca,https://future.utoronto.ca/finances/tuition-fees/,TUITION_FEES,,PENDING,NEEDS_REVIEW,False,DEAD_NOT_FOUND,{},False,Is this page authoritative for TUITION_FEES?
S0267,False,,university of toronto,www.sgs.utoronto.ca,https://www.sgs.utoronto.ca/admissions/,POSTGRADUATE_ADMISSIONS,TAUGHT_POSTGRADUATE,PENDING,NEEDS_REVIEW,True,BODY_EVIDENCE,"{""ADMISSION_REQUIREMENT"": 18}",True,Is this page authoritative for POSTGRADUATE_ADMISSIONS?
S0268,True,S0267,university of toronto,www.sgs.utoronto.ca,https://www.sgs.utoronto.ca/admissions/,PHD_ADMISSIONS,RESEARCH_POSTGRADUATE,PENDING,NEEDS_REVIEW,True,BODY_EVIDENCE,{},True,Is this page authoritative for PHD_ADMISSIONS?
S0275,True,S0267,university of toronto,www.sgs.utoronto.ca,https://www.sgs.utoronto.ca/admissions/,UNCLASSIFIED,,PENDING,NEEDS_REVIEW,True,BODY_EVIDENCE,{},True,Is this page authoritative for UNCLASSIFIED?
S0271,False,,university of toronto,www.sgs.utoronto.ca,https://www.sgs.utoronto.ca/admissions/international-applicants/english-language-proficiency/,LANGUAGE_REQUIREMENTS,,PENDING,NEEDS_REVIEW,True,BODY_EVIDENCE,"{""LANGUAGE_OVERALL_SCORE"": 2, ""LANGUAGE_TEST"": 16}",True,Is this page authoritative for LANGUAGE_REQUIREMENTS?
S0265,False,,university of toronto,www.utoronto.ca,https://www.utoronto.ca/,UNIVERSITY_HOME,,PENDING,NEEDS_REVIEW,False,BLOCKED,{},False,Is this page authoritative for UNIVERSITY_HOME?
S0274,False,,university of toronto,www.utoronto.ca,https://www.utoronto.ca/academics/key-dates,ACADEMIC_CALENDAR,,PENDING,NEEDS_REVIEW,False,BLOCKED,{},False,Is this page authoritative for ACADEMIC_CALENDAR?
S0134,False,,yale university,admissions.yale.edu,https://admissions.yale.edu/,UNDERGRADUATE_ADMISSIONS,UNDERGRADUATE,PENDING,NEEDS_REVIEW,True,BODY_EVIDENCE,"{""ADMISSION_REQUIREMENT"": 1}",True,Is this page authoritative for UNDERGRADUATE_ADMISSIONS?
S0138,False,,yale university,admissions.yale.edu,https://admissions.yale.edu/first-year-application-process,ENTRY_REQUIREMENTS,,PENDING,NEEDS_REVIEW,True,BODY_EVIDENCE,"{""ADMISSION_REQUIREMENT"": 11}",True,Is this page authoritative for ENTRY_REQUIREMENTS?
S0141,True,S0138,yale university,admissions.yale.edu,https://admissions.yale.edu/first-year-application-process,APPLICATION_DEADLINES,,PENDING,NEEDS_REVIEW,True,BODY_EVIDENCE,"{""APPLICATION_DEADLINE"": 3}",True,Is this page authoritative for APPLICATION_DEADLINES?
S0140,False,,yale university,admissions.yale.edu,https://admissions.yale.edu/tuition-and-financial-aid,TUITION_FEES,,PENDING,NEEDS_REVIEW,False,DEAD_NOT_FOUND,{},False,Is this page authoritative for TUITION_FEES?
S0137,False,,yale university,catalog.yale.edu,https://catalog.yale.edu/,PROGRAM_CATALOG,,PENDING,NEEDS_REVIEW,True,BODY_EVIDENCE,{},True,Is this page authoritative for PROGRAM_CATALOG?
S0142,False,,yale university,catalog.yale.edu,https://catalog.yale.edu/ycps/academic-calendar/,ACADEMIC_CALENDAR,,PENDING,NEEDS_REVIEW,False,DEAD_NOT_FOUND,{},False,Is this page authoritative for ACADEMIC_CALENDAR?
S0135,False,,yale university,gsas.yale.edu,https://gsas.yale.edu/admissions,POSTGRADUATE_ADMISSIONS,TAUGHT_POSTGRADUATE,PENDING,NEEDS_REVIEW,True,BODY_EVIDENCE,"{""ADMISSION_REQUIREMENT"": 14}",True,Is this page authoritative for POSTGRADUATE_ADMISSIONS?
S0136,True,S0135,yale university,gsas.yale.edu,https://gsas.yale.edu/admissions,PHD_ADMISSIONS,RESEARCH_POSTGRADUATE,PENDING,NEEDS_REVIEW,True,BODY_EVIDENCE,{},True,Is this page authoritative for PHD_ADMISSIONS?
S0143,True,S0135,yale university,gsas.yale.edu,https://gsas.yale.edu/admissions,UNCLASSIFIED,,PENDING,NEEDS_REVIEW,True,BODY_EVIDENCE,{},True,Is this page authoritative for UNCLASSIFIED?
S0139,False,,yale university,gsas.yale.edu,https://gsas.yale.edu/admissions/international-applicants,LANGUAGE_REQUIREMENTS,,PENDING,NEEDS_REVIEW,True,BODY_EVIDENCE,"{""LANGUAGE_OVERALL_SCORE"": 1, ""LANGUAGE_TEST"": 9}",True,Is this page authoritative for LANGUAGE_REQUIREMENTS?
S0133,False,,yale university,www.yale.edu,https://www.yale.edu/,UNIVERSITY_HOME,,PENDING,NEEDS_REVIEW,True,BODY_EVIDENCE,{},True,Is this page authoritative for UNIVERSITY_HOME?
